Table name,Pathogen classification,Pathogen,No physician's visit mean,No physician's visit CrI,Physician's visit only mean,Physician's visit only CrI,"Hospitalized, recovered","Hospitalized, recovered Crl","Hospitalized, died","Hospitalized, died Crl",Chronic outcomes,Chronic outcomes Crl,Total,Total Crl,Note,Source
"Mean cost for specific health outcomes, by pathogen (2023 U.S. dollars, millions)",Bacteria,Bacillus cereus ,1.7,0.3-4.4,10.4,0.7-33.1,0.3,0-1.5,0,0-0,,,12.4,1.0-39.0,"CrI = Credibility interval. STEC = Shiga toxin-producing Escherichia coli. ETEC = enterotoxigenic Escherichia coli. a For pregnancy-associated Listeria monocytogenes, ""hospitalized, recovered"" costs are for infected mothers only; ""hospitalized, died"" include fetal loss, stillbirths, and neonatal deaths; and ""sequelae"" are for infected infants. b All M. bovis cases are treated as acute even though treatment generally takes at least a year. Costs of multi-drug resistant (MDR) and non-MDR cases were estimated separately, but costs were combined in this table to ""hospitalized, recover."" c For pregnancy-associated Toxoplasma gondii, ""hospitalized, died"" includes fetal loss, stillbirths, and neonatal deaths. d Each pathogen was modeled individually to reflect uncertainty associated with that pathogen. Totals were modeled to reflect uncertainty simultaneously across outcomes. As a result, pathogen means will not add exactly to the total mean estimate. ""spp."" is the abbreviation indicating all species of the genus listed. For example, Shigella spp. means all species of the genus, Shigella. ""Other foodborne gastroenteritis"" is refered to as ""foodborne illnesses caused by unspecified agents"" in U.S. Centers for Disease Control and Prevention (CDC) estimates of foodborne illness incidence.","Source: USDA, Economic Research Service (ERS) calculations using estimates published in Hoffmann, S., White, A. E., McQueen, R. B., Ahn, J. W., Gunn-Sandell, L. B., & Scallan Walter, E. J. (2025). Economic burden of foodborne illnesses acquired in the United States. Foodborne Pathogens and Disease, 22(1), p.4-14.; Scallan, E., Hoekstra, R.M., Angulo, F.J., Tauxe, R.V., Widdowson, M.A., Roy, S.L., Jones, J.L. and Griffin, P.M., (2011a). Foodborne illness acquired in the United States-major pathogens. Emerging Infectious Diseases, 17(1), p.7.; and Scallan, E., Griffin, P.M., Angulo, F.J., Tauxe, R.V. and Hoekstra, R.M., (2011b). Foodborne illness acquired in the United States unspecified agents. Emerging Infectious Diseases, 17(1), p.16."
"Mean cost for specific health outcomes, by pathogen (2023 U.S. dollars, millions)",Bacteria,Brucella spp.,0.1,0-0.1,0.2,0-0.5,1.8,1-2.8,13.7,8.2-20.3,,,15.8,9.3-23.8,"CrI = Credibility interval. STEC = Shiga toxin-producing Escherichia coli. ETEC = enterotoxigenic Escherichia coli. a For pregnancy-associated Listeria monocytogenes, ""hospitalized, recovered"" costs are for infected mothers only; ""hospitalized, died"" include fetal loss, stillbirths, and neonatal deaths; and ""sequelae"" are for infected infants. b All M. bovis cases are treated as acute even though treatment generally takes at least a year. Costs of multi-drug resistant (MDR) and non-MDR cases were estimated separately, but costs were combined in this table to ""hospitalized, recover."" c For pregnancy-associated Toxoplasma gondii, ""hospitalized, died"" includes fetal loss, stillbirths, and neonatal deaths. d Each pathogen was modeled individually to reflect uncertainty associated with that pathogen. Totals were modeled to reflect uncertainty simultaneously across outcomes. As a result, pathogen means will not add exactly to the total mean estimate. ""spp."" is the abbreviation indicating all species of the genus listed. For example, Shigella spp. means all species of the genus, Shigella. ""Other foodborne gastroenteritis"" is refered to as ""foodborne illnesses caused by unspecified agents"" in U.S. Centers for Disease Control and Prevention (CDC) estimates of foodborne illness incidence.","Source: USDA, Economic Research Service (ERS) calculations using estimates published in Hoffmann, S., White, A. E., McQueen, R. B., Ahn, J. W., Gunn-Sandell, L. B., & Scallan Walter, E. J. (2025). Economic burden of foodborne illnesses acquired in the United States. Foodborne Pathogens and Disease, 22(1), p.4-14.; Scallan, E., Hoekstra, R.M., Angulo, F.J., Tauxe, R.V., Widdowson, M.A., Roy, S.L., Jones, J.L. and Griffin, P.M., (2011a). Foodborne illness acquired in the United States-major pathogens. Emerging Infectious Diseases, 17(1), p.7.; and Scallan, E., Griffin, P.M., Angulo, F.J., Tauxe, R.V. and Hoekstra, R.M., (2011b). Foodborne illness acquired in the United States unspecified agents. Emerging Infectious Diseases, 17(1), p.16."
"Mean cost for specific health outcomes, by pathogen (2023 U.S. dollars, millions)",Bacteria,Campylobacter spp. ,72.4,18.5-165.5,174.5,26.3-478.2,144.6,68.3-250.2,994.5,"504-1,616.9",9941.3,"3,665.1-19,067.7",11327.3,"4,282.2-21,578.5","CrI = Credibility interval. STEC = Shiga toxin-producing Escherichia coli. ETEC = enterotoxigenic Escherichia coli. a For pregnancy-associated Listeria monocytogenes, ""hospitalized, recovered"" costs are for infected mothers only; ""hospitalized, died"" include fetal loss, stillbirths, and neonatal deaths; and ""sequelae"" are for infected infants. b All M. bovis cases are treated as acute even though treatment generally takes at least a year. Costs of multi-drug resistant (MDR) and non-MDR cases were estimated separately, but costs were combined in this table to ""hospitalized, recover."" c For pregnancy-associated Toxoplasma gondii, ""hospitalized, died"" includes fetal loss, stillbirths, and neonatal deaths. d Each pathogen was modeled individually to reflect uncertainty associated with that pathogen. Totals were modeled to reflect uncertainty simultaneously across outcomes. As a result, pathogen means will not add exactly to the total mean estimate. ""spp."" is the abbreviation indicating all species of the genus listed. For example, Shigella spp. means all species of the genus, Shigella. ""Other foodborne gastroenteritis"" is refered to as ""foodborne illnesses caused by unspecified agents"" in U.S. Centers for Disease Control and Prevention (CDC) estimates of foodborne illness incidence.","Source: USDA, Economic Research Service (ERS) calculations using estimates published in Hoffmann, S., White, A. E., McQueen, R. B., Ahn, J. W., Gunn-Sandell, L. B., & Scallan Walter, E. J. (2025). Economic burden of foodborne illnesses acquired in the United States. Foodborne Pathogens and Disease, 22(1), p.4-14.; Scallan, E., Hoekstra, R.M., Angulo, F.J., Tauxe, R.V., Widdowson, M.A., Roy, S.L., Jones, J.L. and Griffin, P.M., (2011a). Foodborne illness acquired in the United States-major pathogens. Emerging Infectious Diseases, 17(1), p.7.; and Scallan, E., Griffin, P.M., Angulo, F.J., Tauxe, R.V. and Hoekstra, R.M., (2011b). Foodborne illness acquired in the United States unspecified agents. Emerging Infectious Diseases, 17(1), p.16."
"Mean cost for specific health outcomes, by pathogen (2023 U.S. dollars, millions)",Bacteria,"Clostridium botulinum, foodborne",0,0-0,0,0-0.1,2.4,1.1-4,113.2,56.1-175.7,,,115.6,57.1-179.8,"CrI = Credibility interval. STEC = Shiga toxin-producing Escherichia coli. ETEC = enterotoxigenic Escherichia coli. a For pregnancy-associated Listeria monocytogenes, ""hospitalized, recovered"" costs are for infected mothers only; ""hospitalized, died"" include fetal loss, stillbirths, and neonatal deaths; and ""sequelae"" are for infected infants. b All M. bovis cases are treated as acute even though treatment generally takes at least a year. Costs of multi-drug resistant (MDR) and non-MDR cases were estimated separately, but costs were combined in this table to ""hospitalized, recover."" c For pregnancy-associated Toxoplasma gondii, ""hospitalized, died"" includes fetal loss, stillbirths, and neonatal deaths. d Each pathogen was modeled individually to reflect uncertainty associated with that pathogen. Totals were modeled to reflect uncertainty simultaneously across outcomes. As a result, pathogen means will not add exactly to the total mean estimate. ""spp."" is the abbreviation indicating all species of the genus listed. For example, Shigella spp. means all species of the genus, Shigella. ""Other foodborne gastroenteritis"" is refered to as ""foodborne illnesses caused by unspecified agents"" in U.S. Centers for Disease Control and Prevention (CDC) estimates of foodborne illness incidence.","Source: USDA, Economic Research Service (ERS) calculations using estimates published in Hoffmann, S., White, A. E., McQueen, R. B., Ahn, J. W., Gunn-Sandell, L. B., & Scallan Walter, E. J. (2025). Economic burden of foodborne illnesses acquired in the United States. Foodborne Pathogens and Disease, 22(1), p.4-14.; Scallan, E., Hoekstra, R.M., Angulo, F.J., Tauxe, R.V., Widdowson, M.A., Roy, S.L., Jones, J.L. and Griffin, P.M., (2011a). Foodborne illness acquired in the United States-major pathogens. Emerging Infectious Diseases, 17(1), p.7.; and Scallan, E., Griffin, P.M., Angulo, F.J., Tauxe, R.V. and Hoekstra, R.M., (2011b). Foodborne illness acquired in the United States unspecified agents. Emerging Infectious Diseases, 17(1), p.16."
"Mean cost for specific health outcomes, by pathogen (2023 U.S. dollars, millions)",Bacteria,Clostridium perfringens,26.7,5.3-62.5,158.8,9.7-516.2,8.5,0.8-23.3,409.8,41.7-1101,,,603.8,"57.5-1,703","CrI = Credibility interval. STEC = Shiga toxin-producing Escherichia coli. ETEC = enterotoxigenic Escherichia coli. a For pregnancy-associated Listeria monocytogenes, ""hospitalized, recovered"" costs are for infected mothers only; ""hospitalized, died"" include fetal loss, stillbirths, and neonatal deaths; and ""sequelae"" are for infected infants. b All M. bovis cases are treated as acute even though treatment generally takes at least a year. Costs of multi-drug resistant (MDR) and non-MDR cases were estimated separately, but costs were combined in this table to ""hospitalized, recover."" c For pregnancy-associated Toxoplasma gondii, ""hospitalized, died"" includes fetal loss, stillbirths, and neonatal deaths. d Each pathogen was modeled individually to reflect uncertainty associated with that pathogen. Totals were modeled to reflect uncertainty simultaneously across outcomes. As a result, pathogen means will not add exactly to the total mean estimate. ""spp."" is the abbreviation indicating all species of the genus listed. For example, Shigella spp. means all species of the genus, Shigella. ""Other foodborne gastroenteritis"" is refered to as ""foodborne illnesses caused by unspecified agents"" in U.S. Centers for Disease Control and Prevention (CDC) estimates of foodborne illness incidence.","Source: USDA, Economic Research Service (ERS) calculations using estimates published in Hoffmann, S., White, A. E., McQueen, R. B., Ahn, J. W., Gunn-Sandell, L. B., & Scallan Walter, E. J. (2025). Economic burden of foodborne illnesses acquired in the United States. Foodborne Pathogens and Disease, 22(1), p.4-14.; Scallan, E., Hoekstra, R.M., Angulo, F.J., Tauxe, R.V., Widdowson, M.A., Roy, S.L., Jones, J.L. and Griffin, P.M., (2011a). Foodborne illness acquired in the United States-major pathogens. Emerging Infectious Diseases, 17(1), p.7.; and Scallan, E., Griffin, P.M., Angulo, F.J., Tauxe, R.V. and Hoekstra, R.M., (2011b). Foodborne illness acquired in the United States unspecified agents. Emerging Infectious Diseases, 17(1), p.16."
"Mean cost for specific health outcomes, by pathogen (2023 U.S. dollars, millions)",Bacteria,Shiga toxin-producing E. coli (STEC) O157,4.8,1.4-10.4,16.2,2.1-45.6,51.7,12.7-113.7,313.1,81.9-667.1,71.3,71.3-71.3,457.1,169.4-908.1,"CrI = Credibility interval. STEC = Shiga toxin-producing Escherichia coli. ETEC = enterotoxigenic Escherichia coli. a For pregnancy-associated Listeria monocytogenes, ""hospitalized, recovered"" costs are for infected mothers only; ""hospitalized, died"" include fetal loss, stillbirths, and neonatal deaths; and ""sequelae"" are for infected infants. b All M. bovis cases are treated as acute even though treatment generally takes at least a year. Costs of multi-drug resistant (MDR) and non-MDR cases were estimated separately, but costs were combined in this table to ""hospitalized, recover."" c For pregnancy-associated Toxoplasma gondii, ""hospitalized, died"" includes fetal loss, stillbirths, and neonatal deaths. d Each pathogen was modeled individually to reflect uncertainty associated with that pathogen. Totals were modeled to reflect uncertainty simultaneously across outcomes. As a result, pathogen means will not add exactly to the total mean estimate. ""spp."" is the abbreviation indicating all species of the genus listed. For example, Shigella spp. means all species of the genus, Shigella. ""Other foodborne gastroenteritis"" is refered to as ""foodborne illnesses caused by unspecified agents"" in U.S. Centers for Disease Control and Prevention (CDC) estimates of foodborne illness incidence.","Source: USDA, Economic Research Service (ERS) calculations using estimates published in Hoffmann, S., White, A. E., McQueen, R. B., Ahn, J. W., Gunn-Sandell, L. B., & Scallan Walter, E. J. (2025). Economic burden of foodborne illnesses acquired in the United States. Foodborne Pathogens and Disease, 22(1), p.4-14.; Scallan, E., Hoekstra, R.M., Angulo, F.J., Tauxe, R.V., Widdowson, M.A., Roy, S.L., Jones, J.L. and Griffin, P.M., (2011a). Foodborne illness acquired in the United States-major pathogens. Emerging Infectious Diseases, 17(1), p.7.; and Scallan, E., Griffin, P.M., Angulo, F.J., Tauxe, R.V. and Hoekstra, R.M., (2011b). Foodborne illness acquired in the United States unspecified agents. Emerging Infectious Diseases, 17(1), p.16."
"Mean cost for specific health outcomes, by pathogen (2023 U.S. dollars, millions)",Bacteria,STEC non-O157 ,9.6,1.3-26.2,23.6,2.3-71.2,5.7,0-28.8,0,0-0,7.9,7.9-7.9,46.8,11.5-134.2,"CrI = Credibility interval. STEC = Shiga toxin-producing Escherichia coli. ETEC = enterotoxigenic Escherichia coli. a For pregnancy-associated Listeria monocytogenes, ""hospitalized, recovered"" costs are for infected mothers only; ""hospitalized, died"" include fetal loss, stillbirths, and neonatal deaths; and ""sequelae"" are for infected infants. b All M. bovis cases are treated as acute even though treatment generally takes at least a year. Costs of multi-drug resistant (MDR) and non-MDR cases were estimated separately, but costs were combined in this table to ""hospitalized, recover."" c For pregnancy-associated Toxoplasma gondii, ""hospitalized, died"" includes fetal loss, stillbirths, and neonatal deaths. d Each pathogen was modeled individually to reflect uncertainty associated with that pathogen. Totals were modeled to reflect uncertainty simultaneously across outcomes. As a result, pathogen means will not add exactly to the total mean estimate. ""spp."" is the abbreviation indicating all species of the genus listed. For example, Shigella spp. means all species of the genus, Shigella. ""Other foodborne gastroenteritis"" is refered to as ""foodborne illnesses caused by unspecified agents"" in U.S. Centers for Disease Control and Prevention (CDC) estimates of foodborne illness incidence.","Source: USDA, Economic Research Service (ERS) calculations using estimates published in Hoffmann, S., White, A. E., McQueen, R. B., Ahn, J. W., Gunn-Sandell, L. B., & Scallan Walter, E. J. (2025). Economic burden of foodborne illnesses acquired in the United States. Foodborne Pathogens and Disease, 22(1), p.4-14.; Scallan, E., Hoekstra, R.M., Angulo, F.J., Tauxe, R.V., Widdowson, M.A., Roy, S.L., Jones, J.L. and Griffin, P.M., (2011a). Foodborne illness acquired in the United States-major pathogens. Emerging Infectious Diseases, 17(1), p.7.; and Scallan, E., Griffin, P.M., Angulo, F.J., Tauxe, R.V. and Hoekstra, R.M., (2011b). Foodborne illness acquired in the United States unspecified agents. Emerging Infectious Diseases, 17(1), p.16."
"Mean cost for specific health outcomes, by pathogen (2023 U.S. dollars, millions)",Bacteria,Enterotoxigenic E. coli (ETEC),1.5,0-6.4,3.8,0-16.8,0.2,0-1,0,0-0,,,5.5,0-24.3,"CrI = Credibility interval. STEC = Shiga toxin-producing Escherichia coli. ETEC = enterotoxigenic Escherichia coli. a For pregnancy-associated Listeria monocytogenes, ""hospitalized, recovered"" costs are for infected mothers only; ""hospitalized, died"" include fetal loss, stillbirths, and neonatal deaths; and ""sequelae"" are for infected infants. b All M. bovis cases are treated as acute even though treatment generally takes at least a year. Costs of multi-drug resistant (MDR) and non-MDR cases were estimated separately, but costs were combined in this table to ""hospitalized, recover."" c For pregnancy-associated Toxoplasma gondii, ""hospitalized, died"" includes fetal loss, stillbirths, and neonatal deaths. d Each pathogen was modeled individually to reflect uncertainty associated with that pathogen. Totals were modeled to reflect uncertainty simultaneously across outcomes. As a result, pathogen means will not add exactly to the total mean estimate. ""spp."" is the abbreviation indicating all species of the genus listed. For example, Shigella spp. means all species of the genus, Shigella. ""Other foodborne gastroenteritis"" is refered to as ""foodborne illnesses caused by unspecified agents"" in U.S. Centers for Disease Control and Prevention (CDC) estimates of foodborne illness incidence.","Source: USDA, Economic Research Service (ERS) calculations using estimates published in Hoffmann, S., White, A. E., McQueen, R. B., Ahn, J. W., Gunn-Sandell, L. B., & Scallan Walter, E. J. (2025). Economic burden of foodborne illnesses acquired in the United States. Foodborne Pathogens and Disease, 22(1), p.4-14.; Scallan, E., Hoekstra, R.M., Angulo, F.J., Tauxe, R.V., Widdowson, M.A., Roy, S.L., Jones, J.L. and Griffin, P.M., (2011a). Foodborne illness acquired in the United States-major pathogens. Emerging Infectious Diseases, 17(1), p.7.; and Scallan, E., Griffin, P.M., Angulo, F.J., Tauxe, R.V. and Hoekstra, R.M., (2011b). Foodborne illness acquired in the United States unspecified agents. Emerging Infectious Diseases, 17(1), p.16."
"Mean cost for specific health outcomes, by pathogen (2023 U.S. dollars, millions)",Bacteria,Diarrheagenic E. coli other than STEC and ETEC,1,0-4.3,2.5,0-11.1,0.2,0-0.8,0,0-0,,,3.7,0-16.1,"CrI = Credibility interval. STEC = Shiga toxin-producing Escherichia coli. ETEC = enterotoxigenic Escherichia coli. a For pregnancy-associated Listeria monocytogenes, ""hospitalized, recovered"" costs are for infected mothers only; ""hospitalized, died"" include fetal loss, stillbirths, and neonatal deaths; and ""sequelae"" are for infected infants. b All M. bovis cases are treated as acute even though treatment generally takes at least a year. Costs of multi-drug resistant (MDR) and non-MDR cases were estimated separately, but costs were combined in this table to ""hospitalized, recover."" c For pregnancy-associated Toxoplasma gondii, ""hospitalized, died"" includes fetal loss, stillbirths, and neonatal deaths. d Each pathogen was modeled individually to reflect uncertainty associated with that pathogen. Totals were modeled to reflect uncertainty simultaneously across outcomes. As a result, pathogen means will not add exactly to the total mean estimate. ""spp."" is the abbreviation indicating all species of the genus listed. For example, Shigella spp. means all species of the genus, Shigella. ""Other foodborne gastroenteritis"" is refered to as ""foodborne illnesses caused by unspecified agents"" in U.S. Centers for Disease Control and Prevention (CDC) estimates of foodborne illness incidence.","Source: USDA, Economic Research Service (ERS) calculations using estimates published in Hoffmann, S., White, A. E., McQueen, R. B., Ahn, J. W., Gunn-Sandell, L. B., & Scallan Walter, E. J. (2025). Economic burden of foodborne illnesses acquired in the United States. Foodborne Pathogens and Disease, 22(1), p.4-14.; Scallan, E., Hoekstra, R.M., Angulo, F.J., Tauxe, R.V., Widdowson, M.A., Roy, S.L., Jones, J.L. and Griffin, P.M., (2011a). Foodborne illness acquired in the United States-major pathogens. Emerging Infectious Diseases, 17(1), p.7.; and Scallan, E., Griffin, P.M., Angulo, F.J., Tauxe, R.V. and Hoekstra, R.M., (2011b). Foodborne illness acquired in the United States unspecified agents. Emerging Infectious Diseases, 17(1), p.16."
"Mean cost for specific health outcomes, by pathogen (2023 U.S. dollars, millions)",Bacteria,Listeria monocytogenes (non-pregnancy associated) a,0,0-0,0,0-0,50.9,17.4-99.9,3099.1,"1,083.1-5,941",,,3150.1,"1,100.4-6,040.9","CrI = Credibility interval. STEC = Shiga toxin-producing Escherichia coli. ETEC = enterotoxigenic Escherichia coli. a For pregnancy-associated Listeria monocytogenes, ""hospitalized, recovered"" costs are for infected mothers only; ""hospitalized, died"" include fetal loss, stillbirths, and neonatal deaths; and ""sequelae"" are for infected infants. b All M. bovis cases are treated as acute even though treatment generally takes at least a year. Costs of multi-drug resistant (MDR) and non-MDR cases were estimated separately, but costs were combined in this table to ""hospitalized, recover."" c For pregnancy-associated Toxoplasma gondii, ""hospitalized, died"" includes fetal loss, stillbirths, and neonatal deaths. d Each pathogen was modeled individually to reflect uncertainty associated with that pathogen. Totals were modeled to reflect uncertainty simultaneously across outcomes. As a result, pathogen means will not add exactly to the total mean estimate. ""spp."" is the abbreviation indicating all species of the genus listed. For example, Shigella spp. means all species of the genus, Shigella. ""Other foodborne gastroenteritis"" is refered to as ""foodborne illnesses caused by unspecified agents"" in U.S. Centers for Disease Control and Prevention (CDC) estimates of foodborne illness incidence.","Source: USDA, Economic Research Service (ERS) calculations using estimates published in Hoffmann, S., White, A. E., McQueen, R. B., Ahn, J. W., Gunn-Sandell, L. B., & Scallan Walter, E. J. (2025). Economic burden of foodborne illnesses acquired in the United States. Foodborne Pathogens and Disease, 22(1), p.4-14.; Scallan, E., Hoekstra, R.M., Angulo, F.J., Tauxe, R.V., Widdowson, M.A., Roy, S.L., Jones, J.L. and Griffin, P.M., (2011a). Foodborne illness acquired in the United States-major pathogens. Emerging Infectious Diseases, 17(1), p.7.; and Scallan, E., Griffin, P.M., Angulo, F.J., Tauxe, R.V. and Hoekstra, R.M., (2011b). Foodborne illness acquired in the United States unspecified agents. Emerging Infectious Diseases, 17(1), p.16."
"Mean cost for specific health outcomes, by pathogen (2023 U.S. dollars, millions)",Bacteria,Listeria monocytogenes (pregnancy associated) a,,,,,4.6,1.6-8.8,124.9,44.3-237.1,60,19.4-109.9,814.2,"284.4-1,548.8","CrI = Credibility interval. STEC = Shiga toxin-producing Escherichia coli. ETEC = enterotoxigenic Escherichia coli. a For pregnancy-associated Listeria monocytogenes, ""hospitalized, recovered"" costs are for infected mothers only; ""hospitalized, died"" include fetal loss, stillbirths, and neonatal deaths; and ""sequelae"" are for infected infants. b All M. bovis cases are treated as acute even though treatment generally takes at least a year. Costs of multi-drug resistant (MDR) and non-MDR cases were estimated separately, but costs were combined in this table to ""hospitalized, recover."" c For pregnancy-associated Toxoplasma gondii, ""hospitalized, died"" includes fetal loss, stillbirths, and neonatal deaths. d Each pathogen was modeled individually to reflect uncertainty associated with that pathogen. Totals were modeled to reflect uncertainty simultaneously across outcomes. As a result, pathogen means will not add exactly to the total mean estimate. ""spp."" is the abbreviation indicating all species of the genus listed. For example, Shigella spp. means all species of the genus, Shigella. ""Other foodborne gastroenteritis"" is refered to as ""foodborne illnesses caused by unspecified agents"" in U.S. Centers for Disease Control and Prevention (CDC) estimates of foodborne illness incidence.","Source: USDA, Economic Research Service (ERS) calculations using estimates published in Hoffmann, S., White, A. E., McQueen, R. B., Ahn, J. W., Gunn-Sandell, L. B., & Scallan Walter, E. J. (2025). Economic burden of foodborne illnesses acquired in the United States. Foodborne Pathogens and Disease, 22(1), p.4-14.; Scallan, E., Hoekstra, R.M., Angulo, F.J., Tauxe, R.V., Widdowson, M.A., Roy, S.L., Jones, J.L. and Griffin, P.M., (2011a). Foodborne illness acquired in the United States-major pathogens. Emerging Infectious Diseases, 17(1), p.7.; and Scallan, E., Griffin, P.M., Angulo, F.J., Tauxe, R.V. and Hoekstra, R.M., (2011b). Foodborne illness acquired in the United States unspecified agents. Emerging Infectious Diseases, 17(1), p.16."
"Mean cost for specific health outcomes, by pathogen (2023 U.S. dollars, millions)",Bacteria,Mycobacterium bovis b,0,0-0,0.3,0.1-0.4,1.7,1-2.5,41.9,28.4-57.3,,,43.7,29.4-60.1,"CrI = Credibility interval. STEC = Shiga toxin-producing Escherichia coli. ETEC = enterotoxigenic Escherichia coli. a For pregnancy-associated Listeria monocytogenes, ""hospitalized, recovered"" costs are for infected mothers only; ""hospitalized, died"" include fetal loss, stillbirths, and neonatal deaths; and ""sequelae"" are for infected infants. b All M. bovis cases are treated as acute even though treatment generally takes at least a year. Costs of multi-drug resistant (MDR) and non-MDR cases were estimated separately, but costs were combined in this table to ""hospitalized, recover."" c For pregnancy-associated Toxoplasma gondii, ""hospitalized, died"" includes fetal loss, stillbirths, and neonatal deaths. d Each pathogen was modeled individually to reflect uncertainty associated with that pathogen. Totals were modeled to reflect uncertainty simultaneously across outcomes. As a result, pathogen means will not add exactly to the total mean estimate. ""spp."" is the abbreviation indicating all species of the genus listed. For example, Shigella spp. means all species of the genus, Shigella. ""Other foodborne gastroenteritis"" is refered to as ""foodborne illnesses caused by unspecified agents"" in U.S. Centers for Disease Control and Prevention (CDC) estimates of foodborne illness incidence.","Source: USDA, Economic Research Service (ERS) calculations using estimates published in Hoffmann, S., White, A. E., McQueen, R. B., Ahn, J. W., Gunn-Sandell, L. B., & Scallan Walter, E. J. (2025). Economic burden of foodborne illnesses acquired in the United States. Foodborne Pathogens and Disease, 22(1), p.4-14.; Scallan, E., Hoekstra, R.M., Angulo, F.J., Tauxe, R.V., Widdowson, M.A., Roy, S.L., Jones, J.L. and Griffin, P.M., (2011a). Foodborne illness acquired in the United States-major pathogens. Emerging Infectious Diseases, 17(1), p.7.; and Scallan, E., Griffin, P.M., Angulo, F.J., Tauxe, R.V. and Hoekstra, R.M., (2011b). Foodborne illness acquired in the United States unspecified agents. Emerging Infectious Diseases, 17(1), p.16."
"Mean cost for specific health outcomes, by pathogen (2023 U.S. dollars, millions)",Bacteria,"Salmonella spp., nontyphoidal",88.1,29.9-176.7,191,37.4-485.5,358.3,148.3-658.5,4668.1,"2,053.6-8,139.7",11821.6,"6,588.4-18,637.7",17127,"8,857.7-28,098.1","CrI = Credibility interval. STEC = Shiga toxin-producing Escherichia coli. ETEC = enterotoxigenic Escherichia coli. a For pregnancy-associated Listeria monocytogenes, ""hospitalized, recovered"" costs are for infected mothers only; ""hospitalized, died"" include fetal loss, stillbirths, and neonatal deaths; and ""sequelae"" are for infected infants. b All M. bovis cases are treated as acute even though treatment generally takes at least a year. Costs of multi-drug resistant (MDR) and non-MDR cases were estimated separately, but costs were combined in this table to ""hospitalized, recover."" c For pregnancy-associated Toxoplasma gondii, ""hospitalized, died"" includes fetal loss, stillbirths, and neonatal deaths. d Each pathogen was modeled individually to reflect uncertainty associated with that pathogen. Totals were modeled to reflect uncertainty simultaneously across outcomes. As a result, pathogen means will not add exactly to the total mean estimate. ""spp."" is the abbreviation indicating all species of the genus listed. For example, Shigella spp. means all species of the genus, Shigella. ""Other foodborne gastroenteritis"" is refered to as ""foodborne illnesses caused by unspecified agents"" in U.S. Centers for Disease Control and Prevention (CDC) estimates of foodborne illness incidence.","Source: USDA, Economic Research Service (ERS) calculations using estimates published in Hoffmann, S., White, A. E., McQueen, R. B., Ahn, J. W., Gunn-Sandell, L. B., & Scallan Walter, E. J. (2025). Economic burden of foodborne illnesses acquired in the United States. Foodborne Pathogens and Disease, 22(1), p.4-14.; Scallan, E., Hoekstra, R.M., Angulo, F.J., Tauxe, R.V., Widdowson, M.A., Roy, S.L., Jones, J.L. and Griffin, P.M., (2011a). Foodborne illness acquired in the United States-major pathogens. Emerging Infectious Diseases, 17(1), p.7.; and Scallan, E., Griffin, P.M., Angulo, F.J., Tauxe, R.V. and Hoekstra, R.M., (2011b). Foodborne illness acquired in the United States unspecified agents. Emerging Infectious Diseases, 17(1), p.16."
"Mean cost for specific health outcomes, by pathogen (2023 U.S. dollars, millions)",Bacteria,S. enterica serotype Typhi,0.1, 0-0.4,0.6,0-2.5,1.8,0-8.3,0,0-0,,,2.5,0-11.3,"CrI = Credibility interval. STEC = Shiga toxin-producing Escherichia coli. ETEC = enterotoxigenic Escherichia coli. a For pregnancy-associated Listeria monocytogenes, ""hospitalized, recovered"" costs are for infected mothers only; ""hospitalized, died"" include fetal loss, stillbirths, and neonatal deaths; and ""sequelae"" are for infected infants. b All M. bovis cases are treated as acute even though treatment generally takes at least a year. Costs of multi-drug resistant (MDR) and non-MDR cases were estimated separately, but costs were combined in this table to ""hospitalized, recover."" c For pregnancy-associated Toxoplasma gondii, ""hospitalized, died"" includes fetal loss, stillbirths, and neonatal deaths. d Each pathogen was modeled individually to reflect uncertainty associated with that pathogen. Totals were modeled to reflect uncertainty simultaneously across outcomes. As a result, pathogen means will not add exactly to the total mean estimate. ""spp."" is the abbreviation indicating all species of the genus listed. For example, Shigella spp. means all species of the genus, Shigella. ""Other foodborne gastroenteritis"" is refered to as ""foodborne illnesses caused by unspecified agents"" in U.S. Centers for Disease Control and Prevention (CDC) estimates of foodborne illness incidence.","Source: USDA, Economic Research Service (ERS) calculations using estimates published in Hoffmann, S., White, A. E., McQueen, R. B., Ahn, J. W., Gunn-Sandell, L. B., & Scallan Walter, E. J. (2025). Economic burden of foodborne illnesses acquired in the United States. Foodborne Pathogens and Disease, 22(1), p.4-14.; Scallan, E., Hoekstra, R.M., Angulo, F.J., Tauxe, R.V., Widdowson, M.A., Roy, S.L., Jones, J.L. and Griffin, P.M., (2011a). Foodborne illness acquired in the United States-major pathogens. Emerging Infectious Diseases, 17(1), p.7.; and Scallan, E., Griffin, P.M., Angulo, F.J., Tauxe, R.V. and Hoekstra, R.M., (2011b). Foodborne illness acquired in the United States unspecified agents. Emerging Infectious Diseases, 17(1), p.16."
"Mean cost for specific health outcomes, by pathogen (2023 U.S. dollars, millions)",Bacteria,Shigella spp. ,11.4,1.6-30.8,24.6,1.5-77.8,23.6,4.4-56.5,109.6,20.7-254.4,1514.3,"269.6-3,655.7",1683.5,"297.7-4,075.1","CrI = Credibility interval. STEC = Shiga toxin-producing Escherichia coli. ETEC = enterotoxigenic Escherichia coli. a For pregnancy-associated Listeria monocytogenes, ""hospitalized, recovered"" costs are for infected mothers only; ""hospitalized, died"" include fetal loss, stillbirths, and neonatal deaths; and ""sequelae"" are for infected infants. b All M. bovis cases are treated as acute even though treatment generally takes at least a year. Costs of multi-drug resistant (MDR) and non-MDR cases were estimated separately, but costs were combined in this table to ""hospitalized, recover."" c For pregnancy-associated Toxoplasma gondii, ""hospitalized, died"" includes fetal loss, stillbirths, and neonatal deaths. d Each pathogen was modeled individually to reflect uncertainty associated with that pathogen. Totals were modeled to reflect uncertainty simultaneously across outcomes. As a result, pathogen means will not add exactly to the total mean estimate. ""spp."" is the abbreviation indicating all species of the genus listed. For example, Shigella spp. means all species of the genus, Shigella. ""Other foodborne gastroenteritis"" is refered to as ""foodborne illnesses caused by unspecified agents"" in U.S. Centers for Disease Control and Prevention (CDC) estimates of foodborne illness incidence.","Source: USDA, Economic Research Service (ERS) calculations using estimates published in Hoffmann, S., White, A. E., McQueen, R. B., Ahn, J. W., Gunn-Sandell, L. B., & Scallan Walter, E. J. (2025). Economic burden of foodborne illnesses acquired in the United States. Foodborne Pathogens and Disease, 22(1), p.4-14.; Scallan, E., Hoekstra, R.M., Angulo, F.J., Tauxe, R.V., Widdowson, M.A., Roy, S.L., Jones, J.L. and Griffin, P.M., (2011a). Foodborne illness acquired in the United States-major pathogens. Emerging Infectious Diseases, 17(1), p.7.; and Scallan, E., Griffin, P.M., Angulo, F.J., Tauxe, R.V. and Hoekstra, R.M., (2011b). Foodborne illness acquired in the United States unspecified agents. Emerging Infectious Diseases, 17(1), p.16."
"Mean cost for specific health outcomes, by pathogen (2023 U.S. dollars, millions)",Bacteria,"Staphylococcus aureus, foodborne",4,1.1-8.6,37.7,2.8-117,29.2,4.5-72.5,106.9,17.3-260.4,,,177.8,25.8-458.4,"CrI = Credibility interval. STEC = Shiga toxin-producing Escherichia coli. ETEC = enterotoxigenic Escherichia coli. a For pregnancy-associated Listeria monocytogenes, ""hospitalized, recovered"" costs are for infected mothers only; ""hospitalized, died"" include fetal loss, stillbirths, and neonatal deaths; and ""sequelae"" are for infected infants. b All M. bovis cases are treated as acute even though treatment generally takes at least a year. Costs of multi-drug resistant (MDR) and non-MDR cases were estimated separately, but costs were combined in this table to ""hospitalized, recover."" c For pregnancy-associated Toxoplasma gondii, ""hospitalized, died"" includes fetal loss, stillbirths, and neonatal deaths. d Each pathogen was modeled individually to reflect uncertainty associated with that pathogen. Totals were modeled to reflect uncertainty simultaneously across outcomes. As a result, pathogen means will not add exactly to the total mean estimate. ""spp."" is the abbreviation indicating all species of the genus listed. For example, Shigella spp. means all species of the genus, Shigella. ""Other foodborne gastroenteritis"" is refered to as ""foodborne illnesses caused by unspecified agents"" in U.S. Centers for Disease Control and Prevention (CDC) estimates of foodborne illness incidence.","Source: USDA, Economic Research Service (ERS) calculations using estimates published in Hoffmann, S., White, A. E., McQueen, R. B., Ahn, J. W., Gunn-Sandell, L. B., & Scallan Walter, E. J. (2025). Economic burden of foodborne illnesses acquired in the United States. Foodborne Pathogens and Disease, 22(1), p.4-14.; Scallan, E., Hoekstra, R.M., Angulo, F.J., Tauxe, R.V., Widdowson, M.A., Roy, S.L., Jones, J.L. and Griffin, P.M., (2011a). Foodborne illness acquired in the United States-major pathogens. Emerging Infectious Diseases, 17(1), p.7.; and Scallan, E., Griffin, P.M., Angulo, F.J., Tauxe, R.V. and Hoekstra, R.M., (2011b). Foodborne illness acquired in the United States unspecified agents. Emerging Infectious Diseases, 17(1), p.16."
"Mean cost for specific health outcomes, by pathogen (2023 U.S. dollars, millions)",Bacteria,"Streptococcus spp., Group A",0.4,0-1.6,2.2,0-9.7,0,0-0.1,0,0-0,,,2.6,0-11.4,"CrI = Credibility interval. STEC = Shiga toxin-producing Escherichia coli. ETEC = enterotoxigenic Escherichia coli. a For pregnancy-associated Listeria monocytogenes, ""hospitalized, recovered"" costs are for infected mothers only; ""hospitalized, died"" include fetal loss, stillbirths, and neonatal deaths; and ""sequelae"" are for infected infants. b All M. bovis cases are treated as acute even though treatment generally takes at least a year. Costs of multi-drug resistant (MDR) and non-MDR cases were estimated separately, but costs were combined in this table to ""hospitalized, recover."" c For pregnancy-associated Toxoplasma gondii, ""hospitalized, died"" includes fetal loss, stillbirths, and neonatal deaths. d Each pathogen was modeled individually to reflect uncertainty associated with that pathogen. Totals were modeled to reflect uncertainty simultaneously across outcomes. As a result, pathogen means will not add exactly to the total mean estimate. ""spp."" is the abbreviation indicating all species of the genus listed. For example, Shigella spp. means all species of the genus, Shigella. ""Other foodborne gastroenteritis"" is refered to as ""foodborne illnesses caused by unspecified agents"" in U.S. Centers for Disease Control and Prevention (CDC) estimates of foodborne illness incidence.","Source: USDA, Economic Research Service (ERS) calculations using estimates published in Hoffmann, S., White, A. E., McQueen, R. B., Ahn, J. W., Gunn-Sandell, L. B., & Scallan Walter, E. J. (2025). Economic burden of foodborne illnesses acquired in the United States. Foodborne Pathogens and Disease, 22(1), p.4-14.; Scallan, E., Hoekstra, R.M., Angulo, F.J., Tauxe, R.V., Widdowson, M.A., Roy, S.L., Jones, J.L. and Griffin, P.M., (2011a). Foodborne illness acquired in the United States-major pathogens. Emerging Infectious Diseases, 17(1), p.7.; and Scallan, E., Griffin, P.M., Angulo, F.J., Tauxe, R.V. and Hoekstra, R.M., (2011b). Foodborne illness acquired in the United States unspecified agents. Emerging Infectious Diseases, 17(1), p.16."
"Mean cost for specific health outcomes, by pathogen (2023 U.S. dollars, millions)",Bacteria,"Vibrio cholerae, toxigenic",0,0-0,0,0-0.1,0,0-0.2,0,0-0,,,0.1,0-0.3,"CrI = Credibility interval. STEC = Shiga toxin-producing Escherichia coli. ETEC = enterotoxigenic Escherichia coli. a For pregnancy-associated Listeria monocytogenes, ""hospitalized, recovered"" costs are for infected mothers only; ""hospitalized, died"" include fetal loss, stillbirths, and neonatal deaths; and ""sequelae"" are for infected infants. b All M. bovis cases are treated as acute even though treatment generally takes at least a year. Costs of multi-drug resistant (MDR) and non-MDR cases were estimated separately, but costs were combined in this table to ""hospitalized, recover."" c For pregnancy-associated Toxoplasma gondii, ""hospitalized, died"" includes fetal loss, stillbirths, and neonatal deaths. d Each pathogen was modeled individually to reflect uncertainty associated with that pathogen. Totals were modeled to reflect uncertainty simultaneously across outcomes. As a result, pathogen means will not add exactly to the total mean estimate. ""spp."" is the abbreviation indicating all species of the genus listed. For example, Shigella spp. means all species of the genus, Shigella. ""Other foodborne gastroenteritis"" is refered to as ""foodborne illnesses caused by unspecified agents"" in U.S. Centers for Disease Control and Prevention (CDC) estimates of foodborne illness incidence.","Source: USDA, Economic Research Service (ERS) calculations using estimates published in Hoffmann, S., White, A. E., McQueen, R. B., Ahn, J. W., Gunn-Sandell, L. B., & Scallan Walter, E. J. (2025). Economic burden of foodborne illnesses acquired in the United States. Foodborne Pathogens and Disease, 22(1), p.4-14.; Scallan, E., Hoekstra, R.M., Angulo, F.J., Tauxe, R.V., Widdowson, M.A., Roy, S.L., Jones, J.L. and Griffin, P.M., (2011a). Foodborne illness acquired in the United States-major pathogens. Emerging Infectious Diseases, 17(1), p.7.; and Scallan, E., Griffin, P.M., Angulo, F.J., Tauxe, R.V. and Hoekstra, R.M., (2011b). Foodborne illness acquired in the United States unspecified agents. Emerging Infectious Diseases, 17(1), p.16."
"Mean cost for specific health outcomes, by pathogen (2023 U.S. dollars, millions)",Bacteria,V. vulnificus ,0,0-0,0,0-0.1,2.1,1.2-3,436.3,275.7-614.6,,,438.4,277-617.7,"CrI = Credibility interval. STEC = Shiga toxin-producing Escherichia coli. ETEC = enterotoxigenic Escherichia coli. a For pregnancy-associated Listeria monocytogenes, ""hospitalized, recovered"" costs are for infected mothers only; ""hospitalized, died"" include fetal loss, stillbirths, and neonatal deaths; and ""sequelae"" are for infected infants. b All M. bovis cases are treated as acute even though treatment generally takes at least a year. Costs of multi-drug resistant (MDR) and non-MDR cases were estimated separately, but costs were combined in this table to ""hospitalized, recover."" c For pregnancy-associated Toxoplasma gondii, ""hospitalized, died"" includes fetal loss, stillbirths, and neonatal deaths. d Each pathogen was modeled individually to reflect uncertainty associated with that pathogen. Totals were modeled to reflect uncertainty simultaneously across outcomes. As a result, pathogen means will not add exactly to the total mean estimate. ""spp."" is the abbreviation indicating all species of the genus listed. For example, Shigella spp. means all species of the genus, Shigella. ""Other foodborne gastroenteritis"" is refered to as ""foodborne illnesses caused by unspecified agents"" in U.S. Centers for Disease Control and Prevention (CDC) estimates of foodborne illness incidence.","Source: USDA, Economic Research Service (ERS) calculations using estimates published in Hoffmann, S., White, A. E., McQueen, R. B., Ahn, J. W., Gunn-Sandell, L. B., & Scallan Walter, E. J. (2025). Economic burden of foodborne illnesses acquired in the United States. Foodborne Pathogens and Disease, 22(1), p.4-14.; Scallan, E., Hoekstra, R.M., Angulo, F.J., Tauxe, R.V., Widdowson, M.A., Roy, S.L., Jones, J.L. and Griffin, P.M., (2011a). Foodborne illness acquired in the United States-major pathogens. Emerging Infectious Diseases, 17(1), p.7.; and Scallan, E., Griffin, P.M., Angulo, F.J., Tauxe, R.V. and Hoekstra, R.M., (2011b). Foodborne illness acquired in the United States unspecified agents. Emerging Infectious Diseases, 17(1), p.16."
"Mean cost for specific health outcomes, by pathogen (2023 U.S. dollars, millions)",Bacteria,V. parahaemolyticus,3,0.9-6.2,6.9,1-18.6,1.8,0.8-3.2,65.1,32.7-106.7,,,76.8,35.4-134.7,"CrI = Credibility interval. STEC = Shiga toxin-producing Escherichia coli. ETEC = enterotoxigenic Escherichia coli. a For pregnancy-associated Listeria monocytogenes, ""hospitalized, recovered"" costs are for infected mothers only; ""hospitalized, died"" include fetal loss, stillbirths, and neonatal deaths; and ""sequelae"" are for infected infants. b All M. bovis cases are treated as acute even though treatment generally takes at least a year. Costs of multi-drug resistant (MDR) and non-MDR cases were estimated separately, but costs were combined in this table to ""hospitalized, recover."" c For pregnancy-associated Toxoplasma gondii, ""hospitalized, died"" includes fetal loss, stillbirths, and neonatal deaths. d Each pathogen was modeled individually to reflect uncertainty associated with that pathogen. Totals were modeled to reflect uncertainty simultaneously across outcomes. As a result, pathogen means will not add exactly to the total mean estimate. ""spp."" is the abbreviation indicating all species of the genus listed. For example, Shigella spp. means all species of the genus, Shigella. ""Other foodborne gastroenteritis"" is refered to as ""foodborne illnesses caused by unspecified agents"" in U.S. Centers for Disease Control and Prevention (CDC) estimates of foodborne illness incidence.","Source: USDA, Economic Research Service (ERS) calculations using estimates published in Hoffmann, S., White, A. E., McQueen, R. B., Ahn, J. W., Gunn-Sandell, L. B., & Scallan Walter, E. J. (2025). Economic burden of foodborne illnesses acquired in the United States. Foodborne Pathogens and Disease, 22(1), p.4-14.; Scallan, E., Hoekstra, R.M., Angulo, F.J., Tauxe, R.V., Widdowson, M.A., Roy, S.L., Jones, J.L. and Griffin, P.M., (2011a). Foodborne illness acquired in the United States-major pathogens. Emerging Infectious Diseases, 17(1), p.7.; and Scallan, E., Griffin, P.M., Angulo, F.J., Tauxe, R.V. and Hoekstra, R.M., (2011b). Foodborne illness acquired in the United States unspecified agents. Emerging Infectious Diseases, 17(1), p.16."
"Mean cost for specific health outcomes, by pathogen (2023 U.S. dollars, millions)",Bacteria,"Vibrio spp., other",1.5,0.5-3,3.5,0.5-9.2,1.4,0.8-2.3,96.1,59.4-140.4,,,102.5,61.2-154.9,"CrI = Credibility interval. STEC = Shiga toxin-producing Escherichia coli. ETEC = enterotoxigenic Escherichia coli. a For pregnancy-associated Listeria monocytogenes, ""hospitalized, recovered"" costs are for infected mothers only; ""hospitalized, died"" include fetal loss, stillbirths, and neonatal deaths; and ""sequelae"" are for infected infants. b All M. bovis cases are treated as acute even though treatment generally takes at least a year. Costs of multi-drug resistant (MDR) and non-MDR cases were estimated separately, but costs were combined in this table to ""hospitalized, recover."" c For pregnancy-associated Toxoplasma gondii, ""hospitalized, died"" includes fetal loss, stillbirths, and neonatal deaths. d Each pathogen was modeled individually to reflect uncertainty associated with that pathogen. Totals were modeled to reflect uncertainty simultaneously across outcomes. As a result, pathogen means will not add exactly to the total mean estimate. ""spp."" is the abbreviation indicating all species of the genus listed. For example, Shigella spp. means all species of the genus, Shigella. ""Other foodborne gastroenteritis"" is refered to as ""foodborne illnesses caused by unspecified agents"" in U.S. Centers for Disease Control and Prevention (CDC) estimates of foodborne illness incidence.","Source: USDA, Economic Research Service (ERS) calculations using estimates published in Hoffmann, S., White, A. E., McQueen, R. B., Ahn, J. W., Gunn-Sandell, L. B., & Scallan Walter, E. J. (2025). Economic burden of foodborne illnesses acquired in the United States. Foodborne Pathogens and Disease, 22(1), p.4-14.; Scallan, E., Hoekstra, R.M., Angulo, F.J., Tauxe, R.V., Widdowson, M.A., Roy, S.L., Jones, J.L. and Griffin, P.M., (2011a). Foodborne illness acquired in the United States-major pathogens. Emerging Infectious Diseases, 17(1), p.7.; and Scallan, E., Griffin, P.M., Angulo, F.J., Tauxe, R.V. and Hoekstra, R.M., (2011b). Foodborne illness acquired in the United States unspecified agents. Emerging Infectious Diseases, 17(1), p.16."
"Mean cost for specific health outcomes, by pathogen (2023 U.S. dollars, millions)",Bacteria,Yersinia enterocolitica,8.6,1.8-21.1,16.3,1.8-47.5,15.7,0-65.7,353.6,0.3-1471.8,2.5,0.6-5.9,396.7,4.6-1612,"CrI = Credibility interval. STEC = Shiga toxin-producing Escherichia coli. ETEC = enterotoxigenic Escherichia coli. a For pregnancy-associated Listeria monocytogenes, ""hospitalized, recovered"" costs are for infected mothers only; ""hospitalized, died"" include fetal loss, stillbirths, and neonatal deaths; and ""sequelae"" are for infected infants. b All M. bovis cases are treated as acute even though treatment generally takes at least a year. Costs of multi-drug resistant (MDR) and non-MDR cases were estimated separately, but costs were combined in this table to ""hospitalized, recover."" c For pregnancy-associated Toxoplasma gondii, ""hospitalized, died"" includes fetal loss, stillbirths, and neonatal deaths. d Each pathogen was modeled individually to reflect uncertainty associated with that pathogen. Totals were modeled to reflect uncertainty simultaneously across outcomes. As a result, pathogen means will not add exactly to the total mean estimate. ""spp."" is the abbreviation indicating all species of the genus listed. For example, Shigella spp. means all species of the genus, Shigella. ""Other foodborne gastroenteritis"" is refered to as ""foodborne illnesses caused by unspecified agents"" in U.S. Centers for Disease Control and Prevention (CDC) estimates of foodborne illness incidence.","Source: USDA, Economic Research Service (ERS) calculations using estimates published in Hoffmann, S., White, A. E., McQueen, R. B., Ahn, J. W., Gunn-Sandell, L. B., & Scallan Walter, E. J. (2025). Economic burden of foodborne illnesses acquired in the United States. Foodborne Pathogens and Disease, 22(1), p.4-14.; Scallan, E., Hoekstra, R.M., Angulo, F.J., Tauxe, R.V., Widdowson, M.A., Roy, S.L., Jones, J.L. and Griffin, P.M., (2011a). Foodborne illness acquired in the United States-major pathogens. Emerging Infectious Diseases, 17(1), p.7.; and Scallan, E., Griffin, P.M., Angulo, F.J., Tauxe, R.V. and Hoekstra, R.M., (2011b). Foodborne illness acquired in the United States unspecified agents. Emerging Infectious Diseases, 17(1), p.16."
"Mean cost for specific health outcomes, by pathogen (2023 U.S. dollars, millions)",Parasites,Cryptosporidium spp. ,6.6,1.1-16.7,11.2,1.1-33.5,5.3,1.4-11.3,45.4,12.7-94.2,,,68.5,16.3-155.7,"CrI = Credibility interval. STEC = Shiga toxin-producing Escherichia coli. ETEC = enterotoxigenic Escherichia coli. a For pregnancy-associated Listeria monocytogenes, ""hospitalized, recovered"" costs are for infected mothers only; ""hospitalized, died"" include fetal loss, stillbirths, and neonatal deaths; and ""sequelae"" are for infected infants. b All M. bovis cases are treated as acute even though treatment generally takes at least a year. Costs of multi-drug resistant (MDR) and non-MDR cases were estimated separately, but costs were combined in this table to ""hospitalized, recover."" c For pregnancy-associated Toxoplasma gondii, ""hospitalized, died"" includes fetal loss, stillbirths, and neonatal deaths. d Each pathogen was modeled individually to reflect uncertainty associated with that pathogen. Totals were modeled to reflect uncertainty simultaneously across outcomes. As a result, pathogen means will not add exactly to the total mean estimate. ""spp."" is the abbreviation indicating all species of the genus listed. For example, Shigella spp. means all species of the genus, Shigella. ""Other foodborne gastroenteritis"" is refered to as ""foodborne illnesses caused by unspecified agents"" in U.S. Centers for Disease Control and Prevention (CDC) estimates of foodborne illness incidence.","Source: USDA, Economic Research Service (ERS) calculations using estimates published in Hoffmann, S., White, A. E., McQueen, R. B., Ahn, J. W., Gunn-Sandell, L. B., & Scallan Walter, E. J. (2025). Economic burden of foodborne illnesses acquired in the United States. Foodborne Pathogens and Disease, 22(1), p.4-14.; Scallan, E., Hoekstra, R.M., Angulo, F.J., Tauxe, R.V., Widdowson, M.A., Roy, S.L., Jones, J.L. and Griffin, P.M., (2011a). Foodborne illness acquired in the United States-major pathogens. Emerging Infectious Diseases, 17(1), p.7.; and Scallan, E., Griffin, P.M., Angulo, F.J., Tauxe, R.V. and Hoekstra, R.M., (2011b). Foodborne illness acquired in the United States unspecified agents. Emerging Infectious Diseases, 17(1), p.16."
"Mean cost for specific health outcomes, by pathogen (2023 U.S. dollars, millions)",Parasites,Cyclospora cayetanensis,1.2,0-4.4,3.8,0-14.9,0.2,0-1.1,0,0-0,,,5.3,0-20.4,"CrI = Credibility interval. STEC = Shiga toxin-producing Escherichia coli. ETEC = enterotoxigenic Escherichia coli. a For pregnancy-associated Listeria monocytogenes, ""hospitalized, recovered"" costs are for infected mothers only; ""hospitalized, died"" include fetal loss, stillbirths, and neonatal deaths; and ""sequelae"" are for infected infants. b All M. bovis cases are treated as acute even though treatment generally takes at least a year. Costs of multi-drug resistant (MDR) and non-MDR cases were estimated separately, but costs were combined in this table to ""hospitalized, recover."" c For pregnancy-associated Toxoplasma gondii, ""hospitalized, died"" includes fetal loss, stillbirths, and neonatal deaths. d Each pathogen was modeled individually to reflect uncertainty associated with that pathogen. Totals were modeled to reflect uncertainty simultaneously across outcomes. As a result, pathogen means will not add exactly to the total mean estimate. ""spp."" is the abbreviation indicating all species of the genus listed. For example, Shigella spp. means all species of the genus, Shigella. ""Other foodborne gastroenteritis"" is refered to as ""foodborne illnesses caused by unspecified agents"" in U.S. Centers for Disease Control and Prevention (CDC) estimates of foodborne illness incidence.","Source: USDA, Economic Research Service (ERS) calculations using estimates published in Hoffmann, S., White, A. E., McQueen, R. B., Ahn, J. W., Gunn-Sandell, L. B., & Scallan Walter, E. J. (2025). Economic burden of foodborne illnesses acquired in the United States. Foodborne Pathogens and Disease, 22(1), p.4-14.; Scallan, E., Hoekstra, R.M., Angulo, F.J., Tauxe, R.V., Widdowson, M.A., Roy, S.L., Jones, J.L. and Griffin, P.M., (2011a). Foodborne illness acquired in the United States-major pathogens. Emerging Infectious Diseases, 17(1), p.7.; and Scallan, E., Griffin, P.M., Angulo, F.J., Tauxe, R.V. and Hoekstra, R.M., (2011b). Foodborne illness acquired in the United States unspecified agents. Emerging Infectious Diseases, 17(1), p.16."
"Mean cost for specific health outcomes, by pathogen (2023 U.S. dollars, millions)",Parasites,Giardia intestinalis,6.8,2.4-13.5,18.5,4.7-42.8,6.2,3.7-9.5,27.1,17-39,,,58.6,27.8-104.8,"CrI = Credibility interval. STEC = Shiga toxin-producing Escherichia coli. ETEC = enterotoxigenic Escherichia coli. a For pregnancy-associated Listeria monocytogenes, ""hospitalized, recovered"" costs are for infected mothers only; ""hospitalized, died"" include fetal loss, stillbirths, and neonatal deaths; and ""sequelae"" are for infected infants. b All M. bovis cases are treated as acute even though treatment generally takes at least a year. Costs of multi-drug resistant (MDR) and non-MDR cases were estimated separately, but costs were combined in this table to ""hospitalized, recover."" c For pregnancy-associated Toxoplasma gondii, ""hospitalized, died"" includes fetal loss, stillbirths, and neonatal deaths. d Each pathogen was modeled individually to reflect uncertainty associated with that pathogen. Totals were modeled to reflect uncertainty simultaneously across outcomes. As a result, pathogen means will not add exactly to the total mean estimate. ""spp."" is the abbreviation indicating all species of the genus listed. For example, Shigella spp. means all species of the genus, Shigella. ""Other foodborne gastroenteritis"" is refered to as ""foodborne illnesses caused by unspecified agents"" in U.S. Centers for Disease Control and Prevention (CDC) estimates of foodborne illness incidence.","Source: USDA, Economic Research Service (ERS) calculations using estimates published in Hoffmann, S., White, A. E., McQueen, R. B., Ahn, J. W., Gunn-Sandell, L. B., & Scallan Walter, E. J. (2025). Economic burden of foodborne illnesses acquired in the United States. Foodborne Pathogens and Disease, 22(1), p.4-14.; Scallan, E., Hoekstra, R.M., Angulo, F.J., Tauxe, R.V., Widdowson, M.A., Roy, S.L., Jones, J.L. and Griffin, P.M., (2011a). Foodborne illness acquired in the United States-major pathogens. Emerging Infectious Diseases, 17(1), p.7.; and Scallan, E., Griffin, P.M., Angulo, F.J., Tauxe, R.V. and Hoekstra, R.M., (2011b). Foodborne illness acquired in the United States unspecified agents. Emerging Infectious Diseases, 17(1), p.16."
"Mean cost for specific health outcomes, by pathogen (2023 U.S. dollars, millions)",Parasites,Toxoplasma gondii (non-pregnancy associated),9.6,4.5-16.5,25.5,5.8-60,221.8,128.5-339.1,4339,"2,583.6-6,460.4",755.7,566.4-968.8,5351.5,"3,288.8-7,844.8","CrI = Credibility interval. STEC = Shiga toxin-producing Escherichia coli. ETEC = enterotoxigenic Escherichia coli. a For pregnancy-associated Listeria monocytogenes, ""hospitalized, recovered"" costs are for infected mothers only; ""hospitalized, died"" include fetal loss, stillbirths, and neonatal deaths; and ""sequelae"" are for infected infants. b All M. bovis cases are treated as acute even though treatment generally takes at least a year. Costs of multi-drug resistant (MDR) and non-MDR cases were estimated separately, but costs were combined in this table to ""hospitalized, recover."" c For pregnancy-associated Toxoplasma gondii, ""hospitalized, died"" includes fetal loss, stillbirths, and neonatal deaths. d Each pathogen was modeled individually to reflect uncertainty associated with that pathogen. Totals were modeled to reflect uncertainty simultaneously across outcomes. As a result, pathogen means will not add exactly to the total mean estimate. ""spp."" is the abbreviation indicating all species of the genus listed. For example, Shigella spp. means all species of the genus, Shigella. ""Other foodborne gastroenteritis"" is refered to as ""foodborne illnesses caused by unspecified agents"" in U.S. Centers for Disease Control and Prevention (CDC) estimates of foodborne illness incidence.","Source: USDA, Economic Research Service (ERS) calculations using estimates published in Hoffmann, S., White, A. E., McQueen, R. B., Ahn, J. W., Gunn-Sandell, L. B., & Scallan Walter, E. J. (2025). Economic burden of foodborne illnesses acquired in the United States. Foodborne Pathogens and Disease, 22(1), p.4-14.; Scallan, E., Hoekstra, R.M., Angulo, F.J., Tauxe, R.V., Widdowson, M.A., Roy, S.L., Jones, J.L. and Griffin, P.M., (2011a). Foodborne illness acquired in the United States-major pathogens. Emerging Infectious Diseases, 17(1), p.7.; and Scallan, E., Griffin, P.M., Angulo, F.J., Tauxe, R.V. and Hoekstra, R.M., (2011b). Foodborne illness acquired in the United States unspecified agents. Emerging Infectious Diseases, 17(1), p.16."
"Mean cost for specific health outcomes, by pathogen (2023 U.S. dollars, millions)",Parasites,Toxoplasma gondii (pregnancy associated) c,,,,,,,298.3,24-829.7,69.5,57.7-81.1,367.8,81.6-910.8,"CrI = Credibility interval. STEC = Shiga toxin-producing Escherichia coli. ETEC = enterotoxigenic Escherichia coli. a For pregnancy-associated Listeria monocytogenes, ""hospitalized, recovered"" costs are for infected mothers only; ""hospitalized, died"" include fetal loss, stillbirths, and neonatal deaths; and ""sequelae"" are for infected infants. b All M. bovis cases are treated as acute even though treatment generally takes at least a year. Costs of multi-drug resistant (MDR) and non-MDR cases were estimated separately, but costs were combined in this table to ""hospitalized, recover."" c For pregnancy-associated Toxoplasma gondii, ""hospitalized, died"" includes fetal loss, stillbirths, and neonatal deaths. d Each pathogen was modeled individually to reflect uncertainty associated with that pathogen. Totals were modeled to reflect uncertainty simultaneously across outcomes. As a result, pathogen means will not add exactly to the total mean estimate. ""spp."" is the abbreviation indicating all species of the genus listed. For example, Shigella spp. means all species of the genus, Shigella. ""Other foodborne gastroenteritis"" is refered to as ""foodborne illnesses caused by unspecified agents"" in U.S. Centers for Disease Control and Prevention (CDC) estimates of foodborne illness incidence.","Source: USDA, Economic Research Service (ERS) calculations using estimates published in Hoffmann, S., White, A. E., McQueen, R. B., Ahn, J. W., Gunn-Sandell, L. B., & Scallan Walter, E. J. (2025). Economic burden of foodborne illnesses acquired in the United States. Foodborne Pathogens and Disease, 22(1), p.4-14.; Scallan, E., Hoekstra, R.M., Angulo, F.J., Tauxe, R.V., Widdowson, M.A., Roy, S.L., Jones, J.L. and Griffin, P.M., (2011a). Foodborne illness acquired in the United States-major pathogens. Emerging Infectious Diseases, 17(1), p.7.; and Scallan, E., Griffin, P.M., Angulo, F.J., Tauxe, R.V. and Hoekstra, R.M., (2011b). Foodborne illness acquired in the United States unspecified agents. Emerging Infectious Diseases, 17(1), p.16."
"Mean cost for specific health outcomes, by pathogen (2023 U.S. dollars, millions)",Parasites,Trichinella spp. ,0,0-0,0.1,0-0.5,0.1,0-0.7,0,0-0,,,0.3,0-1.2,"CrI = Credibility interval. STEC = Shiga toxin-producing Escherichia coli. ETEC = enterotoxigenic Escherichia coli. a For pregnancy-associated Listeria monocytogenes, ""hospitalized, recovered"" costs are for infected mothers only; ""hospitalized, died"" include fetal loss, stillbirths, and neonatal deaths; and ""sequelae"" are for infected infants. b All M. bovis cases are treated as acute even though treatment generally takes at least a year. Costs of multi-drug resistant (MDR) and non-MDR cases were estimated separately, but costs were combined in this table to ""hospitalized, recover."" c For pregnancy-associated Toxoplasma gondii, ""hospitalized, died"" includes fetal loss, stillbirths, and neonatal deaths. d Each pathogen was modeled individually to reflect uncertainty associated with that pathogen. Totals were modeled to reflect uncertainty simultaneously across outcomes. As a result, pathogen means will not add exactly to the total mean estimate. ""spp."" is the abbreviation indicating all species of the genus listed. For example, Shigella spp. means all species of the genus, Shigella. ""Other foodborne gastroenteritis"" is refered to as ""foodborne illnesses caused by unspecified agents"" in U.S. Centers for Disease Control and Prevention (CDC) estimates of foodborne illness incidence.","Source: USDA, Economic Research Service (ERS) calculations using estimates published in Hoffmann, S., White, A. E., McQueen, R. B., Ahn, J. W., Gunn-Sandell, L. B., & Scallan Walter, E. J. (2025). Economic burden of foodborne illnesses acquired in the United States. Foodborne Pathogens and Disease, 22(1), p.4-14.; Scallan, E., Hoekstra, R.M., Angulo, F.J., Tauxe, R.V., Widdowson, M.A., Roy, S.L., Jones, J.L. and Griffin, P.M., (2011a). Foodborne illness acquired in the United States-major pathogens. Emerging Infectious Diseases, 17(1), p.7.; and Scallan, E., Griffin, P.M., Angulo, F.J., Tauxe, R.V. and Hoekstra, R.M., (2011b). Foodborne illness acquired in the United States unspecified agents. Emerging Infectious Diseases, 17(1), p.16."
"Mean cost for specific health outcomes, by pathogen (2023 U.S. dollars, millions)",Viruses,Astrovirus,0.6,0.2-1.2,1.1,0.1-3.5,3,0.9-6.3,0,0-0,,,4.8,1.2-11,"CrI = Credibility interval. STEC = Shiga toxin-producing Escherichia coli. ETEC = enterotoxigenic Escherichia coli. a For pregnancy-associated Listeria monocytogenes, ""hospitalized, recovered"" costs are for infected mothers only; ""hospitalized, died"" include fetal loss, stillbirths, and neonatal deaths; and ""sequelae"" are for infected infants. b All M. bovis cases are treated as acute even though treatment generally takes at least a year. Costs of multi-drug resistant (MDR) and non-MDR cases were estimated separately, but costs were combined in this table to ""hospitalized, recover."" c For pregnancy-associated Toxoplasma gondii, ""hospitalized, died"" includes fetal loss, stillbirths, and neonatal deaths. d Each pathogen was modeled individually to reflect uncertainty associated with that pathogen. Totals were modeled to reflect uncertainty simultaneously across outcomes. As a result, pathogen means will not add exactly to the total mean estimate. ""spp."" is the abbreviation indicating all species of the genus listed. For example, Shigella spp. means all species of the genus, Shigella. ""Other foodborne gastroenteritis"" is refered to as ""foodborne illnesses caused by unspecified agents"" in U.S. Centers for Disease Control and Prevention (CDC) estimates of foodborne illness incidence.","Source: USDA, Economic Research Service (ERS) calculations using estimates published in Hoffmann, S., White, A. E., McQueen, R. B., Ahn, J. W., Gunn-Sandell, L. B., & Scallan Walter, E. J. (2025). Economic burden of foodborne illnesses acquired in the United States. Foodborne Pathogens and Disease, 22(1), p.4-14.; Scallan, E., Hoekstra, R.M., Angulo, F.J., Tauxe, R.V., Widdowson, M.A., Roy, S.L., Jones, J.L. and Griffin, P.M., (2011a). Foodborne illness acquired in the United States-major pathogens. Emerging Infectious Diseases, 17(1), p.7.; and Scallan, E., Griffin, P.M., Angulo, F.J., Tauxe, R.V. and Hoekstra, R.M., (2011b). Foodborne illness acquired in the United States unspecified agents. Emerging Infectious Diseases, 17(1), p.16."
"Mean cost for specific health outcomes, by pathogen (2023 U.S. dollars, millions)",Viruses,Hepatitis A virus,0.6,0.2-1.1,0.4,0-1.1,1.9,0.8-3.6,94.8,40.6-167.1,,,97.7,41.7-172.9,"CrI = Credibility interval. STEC = Shiga toxin-producing Escherichia coli. ETEC = enterotoxigenic Escherichia coli. a For pregnancy-associated Listeria monocytogenes, ""hospitalized, recovered"" costs are for infected mothers only; ""hospitalized, died"" include fetal loss, stillbirths, and neonatal deaths; and ""sequelae"" are for infected infants. b All M. bovis cases are treated as acute even though treatment generally takes at least a year. Costs of multi-drug resistant (MDR) and non-MDR cases were estimated separately, but costs were combined in this table to ""hospitalized, recover."" c For pregnancy-associated Toxoplasma gondii, ""hospitalized, died"" includes fetal loss, stillbirths, and neonatal deaths. d Each pathogen was modeled individually to reflect uncertainty associated with that pathogen. Totals were modeled to reflect uncertainty simultaneously across outcomes. As a result, pathogen means will not add exactly to the total mean estimate. ""spp."" is the abbreviation indicating all species of the genus listed. For example, Shigella spp. means all species of the genus, Shigella. ""Other foodborne gastroenteritis"" is refered to as ""foodborne illnesses caused by unspecified agents"" in U.S. Centers for Disease Control and Prevention (CDC) estimates of foodborne illness incidence.","Source: USDA, Economic Research Service (ERS) calculations using estimates published in Hoffmann, S., White, A. E., McQueen, R. B., Ahn, J. W., Gunn-Sandell, L. B., & Scallan Walter, E. J. (2025). Economic burden of foodborne illnesses acquired in the United States. Foodborne Pathogens and Disease, 22(1), p.4-14.; Scallan, E., Hoekstra, R.M., Angulo, F.J., Tauxe, R.V., Widdowson, M.A., Roy, S.L., Jones, J.L. and Griffin, P.M., (2011a). Foodborne illness acquired in the United States-major pathogens. Emerging Infectious Diseases, 17(1), p.7.; and Scallan, E., Griffin, P.M., Angulo, F.J., Tauxe, R.V. and Hoekstra, R.M., (2011b). Foodborne illness acquired in the United States unspecified agents. Emerging Infectious Diseases, 17(1), p.16."
"Mean cost for specific health outcomes, by pathogen (2023 U.S. dollars, millions)",Viruses,Norovirus,261.5,146.4-407.6,393.5,"39.5-1,164.1",304.9,159-500.1,2008.4,"1,111.5-3,118.1",,,2968.3,"1,456.4-5,189.9","CrI = Credibility interval. STEC = Shiga toxin-producing Escherichia coli. ETEC = enterotoxigenic Escherichia coli. a For pregnancy-associated Listeria monocytogenes, ""hospitalized, recovered"" costs are for infected mothers only; ""hospitalized, died"" include fetal loss, stillbirths, and neonatal deaths; and ""sequelae"" are for infected infants. b All M. bovis cases are treated as acute even though treatment generally takes at least a year. Costs of multi-drug resistant (MDR) and non-MDR cases were estimated separately, but costs were combined in this table to ""hospitalized, recover."" c For pregnancy-associated Toxoplasma gondii, ""hospitalized, died"" includes fetal loss, stillbirths, and neonatal deaths. d Each pathogen was modeled individually to reflect uncertainty associated with that pathogen. Totals were modeled to reflect uncertainty simultaneously across outcomes. As a result, pathogen means will not add exactly to the total mean estimate. ""spp."" is the abbreviation indicating all species of the genus listed. For example, Shigella spp. means all species of the genus, Shigella. ""Other foodborne gastroenteritis"" is refered to as ""foodborne illnesses caused by unspecified agents"" in U.S. Centers for Disease Control and Prevention (CDC) estimates of foodborne illness incidence.","Source: USDA, Economic Research Service (ERS) calculations using estimates published in Hoffmann, S., White, A. E., McQueen, R. B., Ahn, J. W., Gunn-Sandell, L. B., & Scallan Walter, E. J. (2025). Economic burden of foodborne illnesses acquired in the United States. Foodborne Pathogens and Disease, 22(1), p.4-14.; Scallan, E., Hoekstra, R.M., Angulo, F.J., Tauxe, R.V., Widdowson, M.A., Roy, S.L., Jones, J.L. and Griffin, P.M., (2011a). Foodborne illness acquired in the United States-major pathogens. Emerging Infectious Diseases, 17(1), p.7.; and Scallan, E., Griffin, P.M., Angulo, F.J., Tauxe, R.V. and Hoekstra, R.M., (2011b). Foodborne illness acquired in the United States unspecified agents. Emerging Infectious Diseases, 17(1), p.16."
"Mean cost for specific health outcomes, by pathogen (2023 U.S. dollars, millions)",Viruses,Rotavirus ,0.6,0.2-1.1,2.3,0.2-6.9,7.2,2.5-14.2,0,0-0,,,10,2.9-22.2,"CrI = Credibility interval. STEC = Shiga toxin-producing Escherichia coli. ETEC = enterotoxigenic Escherichia coli. a For pregnancy-associated Listeria monocytogenes, ""hospitalized, recovered"" costs are for infected mothers only; ""hospitalized, died"" include fetal loss, stillbirths, and neonatal deaths; and ""sequelae"" are for infected infants. b All M. bovis cases are treated as acute even though treatment generally takes at least a year. Costs of multi-drug resistant (MDR) and non-MDR cases were estimated separately, but costs were combined in this table to ""hospitalized, recover."" c For pregnancy-associated Toxoplasma gondii, ""hospitalized, died"" includes fetal loss, stillbirths, and neonatal deaths. d Each pathogen was modeled individually to reflect uncertainty associated with that pathogen. Totals were modeled to reflect uncertainty simultaneously across outcomes. As a result, pathogen means will not add exactly to the total mean estimate. ""spp."" is the abbreviation indicating all species of the genus listed. For example, Shigella spp. means all species of the genus, Shigella. ""Other foodborne gastroenteritis"" is refered to as ""foodborne illnesses caused by unspecified agents"" in U.S. Centers for Disease Control and Prevention (CDC) estimates of foodborne illness incidence.","Source: USDA, Economic Research Service (ERS) calculations using estimates published in Hoffmann, S., White, A. E., McQueen, R. B., Ahn, J. W., Gunn-Sandell, L. B., & Scallan Walter, E. J. (2025). Economic burden of foodborne illnesses acquired in the United States. Foodborne Pathogens and Disease, 22(1), p.4-14.; Scallan, E., Hoekstra, R.M., Angulo, F.J., Tauxe, R.V., Widdowson, M.A., Roy, S.L., Jones, J.L. and Griffin, P.M., (2011a). Foodborne illness acquired in the United States-major pathogens. Emerging Infectious Diseases, 17(1), p.7.; and Scallan, E., Griffin, P.M., Angulo, F.J., Tauxe, R.V. and Hoekstra, R.M., (2011b). Foodborne illness acquired in the United States unspecified agents. Emerging Infectious Diseases, 17(1), p.16."
"Mean cost for specific health outcomes, by pathogen (2023 U.S. dollars, millions)",Viruses,Sapovirus,0.6,0.2-1.2,1.1,0.1-3.4,1.8,0.6-3.6,0,0-0,,,3.5,0.9-8.3,"CrI = Credibility interval. STEC = Shiga toxin-producing Escherichia coli. ETEC = enterotoxigenic Escherichia coli. a For pregnancy-associated Listeria monocytogenes, ""hospitalized, recovered"" costs are for infected mothers only; ""hospitalized, died"" include fetal loss, stillbirths, and neonatal deaths; and ""sequelae"" are for infected infants. b All M. bovis cases are treated as acute even though treatment generally takes at least a year. Costs of multi-drug resistant (MDR) and non-MDR cases were estimated separately, but costs were combined in this table to ""hospitalized, recover."" c For pregnancy-associated Toxoplasma gondii, ""hospitalized, died"" includes fetal loss, stillbirths, and neonatal deaths. d Each pathogen was modeled individually to reflect uncertainty associated with that pathogen. Totals were modeled to reflect uncertainty simultaneously across outcomes. As a result, pathogen means will not add exactly to the total mean estimate. ""spp."" is the abbreviation indicating all species of the genus listed. For example, Shigella spp. means all species of the genus, Shigella. ""Other foodborne gastroenteritis"" is refered to as ""foodborne illnesses caused by unspecified agents"" in U.S. Centers for Disease Control and Prevention (CDC) estimates of foodborne illness incidence.","Source: USDA, Economic Research Service (ERS) calculations using estimates published in Hoffmann, S., White, A. E., McQueen, R. B., Ahn, J. W., Gunn-Sandell, L. B., & Scallan Walter, E. J. (2025). Economic burden of foodborne illnesses acquired in the United States. Foodborne Pathogens and Disease, 22(1), p.4-14.; Scallan, E., Hoekstra, R.M., Angulo, F.J., Tauxe, R.V., Widdowson, M.A., Roy, S.L., Jones, J.L. and Griffin, P.M., (2011a). Foodborne illness acquired in the United States-major pathogens. Emerging Infectious Diseases, 17(1), p.7.; and Scallan, E., Griffin, P.M., Angulo, F.J., Tauxe, R.V. and Hoekstra, R.M., (2011b). Foodborne illness acquired in the United States unspecified agents. Emerging Infectious Diseases, 17(1), p.16."
"Mean cost for specific health outcomes, by pathogen (2023 U.S. dollars, millions)",Illnesses from major foodborne pathogens,Subtotal d,524.4,367.2-705,1127.2,"576.4-1,892.7",1266,"946.4-1,634.1",18350.8,"14,015.1-23,513.4",23391.4,"14,625.3-34,328.3",44743.3,"30,869.6-61,554.3","CrI = Credibility interval. STEC = Shiga toxin-producing Escherichia coli. ETEC = enterotoxigenic Escherichia coli. a For pregnancy-associated Listeria monocytogenes, ""hospitalized, recovered"" costs are for infected mothers only; ""hospitalized, died"" include fetal loss, stillbirths, and neonatal deaths; and ""sequelae"" are for infected infants. b All M. bovis cases are treated as acute even though treatment generally takes at least a year. Costs of multi-drug resistant (MDR) and non-MDR cases were estimated separately, but costs were combined in this table to ""hospitalized, recover."" c For pregnancy-associated Toxoplasma gondii, ""hospitalized, died"" includes fetal loss, stillbirths, and neonatal deaths. d Each pathogen was modeled individually to reflect uncertainty associated with that pathogen. Totals were modeled to reflect uncertainty simultaneously across outcomes. As a result, pathogen means will not add exactly to the total mean estimate. ""spp."" is the abbreviation indicating all species of the genus listed. For example, Shigella spp. means all species of the genus, Shigella. ""Other foodborne gastroenteritis"" is refered to as ""foodborne illnesses caused by unspecified agents"" in U.S. Centers for Disease Control and Prevention (CDC) estimates of foodborne illness incidence.","Source: USDA, Economic Research Service (ERS) calculations using estimates published in Hoffmann, S., White, A. E., McQueen, R. B., Ahn, J. W., Gunn-Sandell, L. B., & Scallan Walter, E. J. (2025). Economic burden of foodborne illnesses acquired in the United States. Foodborne Pathogens and Disease, 22(1), p.4-14.; Scallan, E., Hoekstra, R.M., Angulo, F.J., Tauxe, R.V., Widdowson, M.A., Roy, S.L., Jones, J.L. and Griffin, P.M., (2011a). Foodborne illness acquired in the United States-major pathogens. Emerging Infectious Diseases, 17(1), p.7.; and Scallan, E., Griffin, P.M., Angulo, F.J., Tauxe, R.V. and Hoekstra, R.M., (2011b). Foodborne illness acquired in the United States unspecified agents. Emerging Infectious Diseases, 17(1), p.16."
"Mean cost for specific health outcomes, by pathogen (2023 U.S. dollars, millions)",Other foodborne gastroenteritis,Other foodborne gastroenteritis,1588.8,"796.7-2,616.7",2703.4,"254.9-8,113.7",1478.1,"194.5-3,806.7",24202.4,"3,358.9-60,761.2",,,29972.8,"4,605-75,298.2","CrI = Credibility interval. STEC = Shiga toxin-producing Escherichia coli. ETEC = enterotoxigenic Escherichia coli. a For pregnancy-associated Listeria monocytogenes, ""hospitalized, recovered"" costs are for infected mothers only; ""hospitalized, died"" include fetal loss, stillbirths, and neonatal deaths; and ""sequelae"" are for infected infants. b All M. bovis cases are treated as acute even though treatment generally takes at least a year. Costs of multi-drug resistant (MDR) and non-MDR cases were estimated separately, but costs were combined in this table to ""hospitalized, recover."" c For pregnancy-associated Toxoplasma gondii, ""hospitalized, died"" includes fetal loss, stillbirths, and neonatal deaths. d Each pathogen was modeled individually to reflect uncertainty associated with that pathogen. Totals were modeled to reflect uncertainty simultaneously across outcomes. As a result, pathogen means will not add exactly to the total mean estimate. ""spp."" is the abbreviation indicating all species of the genus listed. For example, Shigella spp. means all species of the genus, Shigella. ""Other foodborne gastroenteritis"" is refered to as ""foodborne illnesses caused by unspecified agents"" in U.S. Centers for Disease Control and Prevention (CDC) estimates of foodborne illness incidence.","Source: USDA, Economic Research Service (ERS) calculations using estimates published in Hoffmann, S., White, A. E., McQueen, R. B., Ahn, J. W., Gunn-Sandell, L. B., & Scallan Walter, E. J. (2025). Economic burden of foodborne illnesses acquired in the United States. Foodborne Pathogens and Disease, 22(1), p.4-14.; Scallan, E., Hoekstra, R.M., Angulo, F.J., Tauxe, R.V., Widdowson, M.A., Roy, S.L., Jones, J.L. and Griffin, P.M., (2011a). Foodborne illness acquired in the United States-major pathogens. Emerging Infectious Diseases, 17(1), p.7.; and Scallan, E., Griffin, P.M., Angulo, F.J., Tauxe, R.V. and Hoekstra, R.M., (2011b). Foodborne illness acquired in the United States unspecified agents. Emerging Infectious Diseases, 17(1), p.16."
"Mean cost for specific health outcomes, by pathogen (2023 U.S. dollars, millions)",All pathogens,TOTAL d,2113.2,"1,163.9-3,321.6",3830.7,"831.3-10,006.3",2744.1,"1,140.9-5,440.8",42553.2,"17,374-84,274.6",23391.4,"14,625.3-34,328.3",74716.1,"35,474.6-136,852.5","CrI = Credibility interval. STEC = Shiga toxin-producing Escherichia coli. ETEC = enterotoxigenic Escherichia coli. a For pregnancy-associated Listeria monocytogenes, ""hospitalized, recovered"" costs are for infected mothers only; ""hospitalized, died"" include fetal loss, stillbirths, and neonatal deaths; and ""sequelae"" are for infected infants. b All M. bovis cases are treated as acute even though treatment generally takes at least a year. Costs of multi-drug resistant (MDR) and non-MDR cases were estimated separately, but costs were combined in this table to ""hospitalized, recover."" c For pregnancy-associated Toxoplasma gondii, ""hospitalized, died"" includes fetal loss, stillbirths, and neonatal deaths. d Each pathogen was modeled individually to reflect uncertainty associated with that pathogen. Totals were modeled to reflect uncertainty simultaneously across outcomes. As a result, pathogen means will not add exactly to the total mean estimate. ""spp."" is the abbreviation indicating all species of the genus listed. For example, Shigella spp. means all species of the genus, Shigella. ""Other foodborne gastroenteritis"" is refered to as ""foodborne illnesses caused by unspecified agents"" in U.S. Centers for Disease Control and Prevention (CDC) estimates of foodborne illness incidence.","Source: USDA, Economic Research Service (ERS) calculations using estimates published in Hoffmann, S., White, A. E., McQueen, R. B., Ahn, J. W., Gunn-Sandell, L. B., & Scallan Walter, E. J. (2025). Economic burden of foodborne illnesses acquired in the United States. Foodborne Pathogens and Disease, 22(1), p.4-14.; Scallan, E., Hoekstra, R.M., Angulo, F.J., Tauxe, R.V., Widdowson, M.A., Roy, S.L., Jones, J.L. and Griffin, P.M., (2011a). Foodborne illness acquired in the United States-major pathogens. Emerging Infectious Diseases, 17(1), p.7.; and Scallan, E., Griffin, P.M., Angulo, F.J., Tauxe, R.V. and Hoekstra, R.M., (2011b). Foodborne illness acquired in the United States unspecified agents. Emerging Infectious Diseases, 17(1), p.16."
