Table name,Pathogen classification,Pathogen,Mean number of cases,Mean total cost (millions), Mean per-case cost,Note,Source
"Cases, total cost, and per-case cost, by pathogen (2023 U.S. dollars)",Bacteria,Bacillus cereus,63400,12.4,195.5835962,"STEC = Shiga toxin-producing Escherichia coli. ETEC = enterotoxigenic Escherichia coli. ""spp."" is the abbreviation indicating all species of the genus listed. For example, Shigella spp. means all species of the genus, Shigella. Each pathogen is modeled individually to reflect uncertainty associated with that pathogen. Totals are modeled to reflect uncertainty simultaneously across outcomes. As a result, pathogen means will not add exactly to the total mean estimate. ""Other foodborne gastroenteritis"" is refered to as ""foodborne illnesses caused by unspecified agents"" in U.S. Centers for Disease Control and Prevention (CDC) estimates of foodborne illness incidence.","Source: USDA, Economic Research Service (ERS) calculations using estimates published in Hoffmann, S., White, A. E., McQueen, R. B., Ahn, J. W., Gunn-Sandell, L. B., & Scallan Walter, E. J. (2025). Economic burden of foodborne illnesses acquired in the United States. Foodborne Pathogens and Disease, 22(1), p.4-14.; Scallan, E., Hoekstra, R.M., Angulo, F.J., Tauxe, R.V., Widdowson, M.A., Roy, S.L., Jones, J.L. and Griffin, P.M., (2011a). Foodborne illness acquired in the United States-major pathogens. Emerging Infectious Diseases, 17(1), p.7.; and Scallan, E., Griffin, P.M., Angulo, F.J., Tauxe, R.V. and Hoekstra, R.M., (2011b). Foodborne illness acquired in the United States-unspecified agents. Emerging Infectious Diseases, 17(1), p.16."
"Cases, total cost, and per-case cost, by pathogen (2023 U.S. dollars)",Bacteria,Brucella spp. ,839,15.8,18831.94279,"STEC = Shiga toxin-producing Escherichia coli. ETEC = enterotoxigenic Escherichia coli. ""spp."" is the abbreviation indicating all species of the genus listed. For example, Shigella spp. means all species of the genus, Shigella. Each pathogen is modeled individually to reflect uncertainty associated with that pathogen. Totals are modeled to reflect uncertainty simultaneously across outcomes. As a result, pathogen means will not add exactly to the total mean estimate. ""Other foodborne gastroenteritis"" is refered to as ""foodborne illnesses caused by unspecified agents"" in U.S. Centers for Disease Control and Prevention (CDC) estimates of foodborne illness incidence.","Source: USDA, Economic Research Service (ERS) calculations using estimates published in Hoffmann, S., White, A. E., McQueen, R. B., Ahn, J. W., Gunn-Sandell, L. B., & Scallan Walter, E. J. (2025). Economic burden of foodborne illnesses acquired in the United States. Foodborne Pathogens and Disease, 22(1), p.4-14.; Scallan, E., Hoekstra, R.M., Angulo, F.J., Tauxe, R.V., Widdowson, M.A., Roy, S.L., Jones, J.L. and Griffin, P.M., (2011a). Foodborne illness acquired in the United States-major pathogens. Emerging Infectious Diseases, 17(1), p.7.; and Scallan, E., Griffin, P.M., Angulo, F.J., Tauxe, R.V. and Hoekstra, R.M., (2011b). Foodborne illness acquired in the United States-unspecified agents. Emerging Infectious Diseases, 17(1), p.16."
"Cases, total cost, and per-case cost, by pathogen (2023 U.S. dollars)",Bacteria,Campylobacter spp. ,845024,11327.3,13404.70803,"STEC = Shiga toxin-producing Escherichia coli. ETEC = enterotoxigenic Escherichia coli. ""spp."" is the abbreviation indicating all species of the genus listed. For example, Shigella spp. means all species of the genus, Shigella. Each pathogen is modeled individually to reflect uncertainty associated with that pathogen. Totals are modeled to reflect uncertainty simultaneously across outcomes. As a result, pathogen means will not add exactly to the total mean estimate. ""Other foodborne gastroenteritis"" is refered to as ""foodborne illnesses caused by unspecified agents"" in U.S. Centers for Disease Control and Prevention (CDC) estimates of foodborne illness incidence.","Source: USDA, Economic Research Service (ERS) calculations using estimates published in Hoffmann, S., White, A. E., McQueen, R. B., Ahn, J. W., Gunn-Sandell, L. B., & Scallan Walter, E. J. (2025). Economic burden of foodborne illnesses acquired in the United States. Foodborne Pathogens and Disease, 22(1), p.4-14.; Scallan, E., Hoekstra, R.M., Angulo, F.J., Tauxe, R.V., Widdowson, M.A., Roy, S.L., Jones, J.L. and Griffin, P.M., (2011a). Foodborne illness acquired in the United States-major pathogens. Emerging Infectious Diseases, 17(1), p.7.; and Scallan, E., Griffin, P.M., Angulo, F.J., Tauxe, R.V. and Hoekstra, R.M., (2011b). Foodborne illness acquired in the United States-unspecified agents. Emerging Infectious Diseases, 17(1), p.16."
"Cases, total cost, and per-case cost, by pathogen (2023 U.S. dollars)",Bacteria,Clostridium botulinum,55,115.6,2101818.182,"STEC = Shiga toxin-producing Escherichia coli. ETEC = enterotoxigenic Escherichia coli. ""spp."" is the abbreviation indicating all species of the genus listed. For example, Shigella spp. means all species of the genus, Shigella. Each pathogen is modeled individually to reflect uncertainty associated with that pathogen. Totals are modeled to reflect uncertainty simultaneously across outcomes. As a result, pathogen means will not add exactly to the total mean estimate. ""Other foodborne gastroenteritis"" is refered to as ""foodborne illnesses caused by unspecified agents"" in U.S. Centers for Disease Control and Prevention (CDC) estimates of foodborne illness incidence.","Source: USDA, Economic Research Service (ERS) calculations using estimates published in Hoffmann, S., White, A. E., McQueen, R. B., Ahn, J. W., Gunn-Sandell, L. B., & Scallan Walter, E. J. (2025). Economic burden of foodborne illnesses acquired in the United States. Foodborne Pathogens and Disease, 22(1), p.4-14.; Scallan, E., Hoekstra, R.M., Angulo, F.J., Tauxe, R.V., Widdowson, M.A., Roy, S.L., Jones, J.L. and Griffin, P.M., (2011a). Foodborne illness acquired in the United States-major pathogens. Emerging Infectious Diseases, 17(1), p.7.; and Scallan, E., Griffin, P.M., Angulo, F.J., Tauxe, R.V. and Hoekstra, R.M., (2011b). Foodborne illness acquired in the United States-unspecified agents. Emerging Infectious Diseases, 17(1), p.16."
"Cases, total cost, and per-case cost, by pathogen (2023 U.S. dollars)",Bacteria,Clostridium perfringens,965958,603.8,625.0789372,"STEC = Shiga toxin-producing Escherichia coli. ETEC = enterotoxigenic Escherichia coli. ""spp."" is the abbreviation indicating all species of the genus listed. For example, Shigella spp. means all species of the genus, Shigella. Each pathogen is modeled individually to reflect uncertainty associated with that pathogen. Totals are modeled to reflect uncertainty simultaneously across outcomes. As a result, pathogen means will not add exactly to the total mean estimate. ""Other foodborne gastroenteritis"" is refered to as ""foodborne illnesses caused by unspecified agents"" in U.S. Centers for Disease Control and Prevention (CDC) estimates of foodborne illness incidence.","Source: USDA, Economic Research Service (ERS) calculations using estimates published in Hoffmann, S., White, A. E., McQueen, R. B., Ahn, J. W., Gunn-Sandell, L. B., & Scallan Walter, E. J. (2025). Economic burden of foodborne illnesses acquired in the United States. Foodborne Pathogens and Disease, 22(1), p.4-14.; Scallan, E., Hoekstra, R.M., Angulo, F.J., Tauxe, R.V., Widdowson, M.A., Roy, S.L., Jones, J.L. and Griffin, P.M., (2011a). Foodborne illness acquired in the United States-major pathogens. Emerging Infectious Diseases, 17(1), p.7.; and Scallan, E., Griffin, P.M., Angulo, F.J., Tauxe, R.V. and Hoekstra, R.M., (2011b). Foodborne illness acquired in the United States-unspecified agents. Emerging Infectious Diseases, 17(1), p.16."
"Cases, total cost, and per-case cost, by pathogen (2023 U.S. dollars)",Bacteria,STEC O157,63153,457.1,7237.97761,"STEC = Shiga toxin-producing Escherichia coli. ETEC = enterotoxigenic Escherichia coli. ""spp."" is the abbreviation indicating all species of the genus listed. For example, Shigella spp. means all species of the genus, Shigella. Each pathogen is modeled individually to reflect uncertainty associated with that pathogen. Totals are modeled to reflect uncertainty simultaneously across outcomes. As a result, pathogen means will not add exactly to the total mean estimate. ""Other foodborne gastroenteritis"" is refered to as ""foodborne illnesses caused by unspecified agents"" in U.S. Centers for Disease Control and Prevention (CDC) estimates of foodborne illness incidence.","Source: USDA, Economic Research Service (ERS) calculations using estimates published in Hoffmann, S., White, A. E., McQueen, R. B., Ahn, J. W., Gunn-Sandell, L. B., & Scallan Walter, E. J. (2025). Economic burden of foodborne illnesses acquired in the United States. Foodborne Pathogens and Disease, 22(1), p.4-14.; Scallan, E., Hoekstra, R.M., Angulo, F.J., Tauxe, R.V., Widdowson, M.A., Roy, S.L., Jones, J.L. and Griffin, P.M., (2011a). Foodborne illness acquired in the United States-major pathogens. Emerging Infectious Diseases, 17(1), p.7.; and Scallan, E., Griffin, P.M., Angulo, F.J., Tauxe, R.V. and Hoekstra, R.M., (2011b). Foodborne illness acquired in the United States-unspecified agents. Emerging Infectious Diseases, 17(1), p.16."
"Cases, total cost, and per-case cost, by pathogen (2023 U.S. dollars)",Bacteria,STEC non-O157 ,112752,46.8,415.0702427,"STEC = Shiga toxin-producing Escherichia coli. ETEC = enterotoxigenic Escherichia coli. ""spp."" is the abbreviation indicating all species of the genus listed. For example, Shigella spp. means all species of the genus, Shigella. Each pathogen is modeled individually to reflect uncertainty associated with that pathogen. Totals are modeled to reflect uncertainty simultaneously across outcomes. As a result, pathogen means will not add exactly to the total mean estimate. ""Other foodborne gastroenteritis"" is refered to as ""foodborne illnesses caused by unspecified agents"" in U.S. Centers for Disease Control and Prevention (CDC) estimates of foodborne illness incidence.","Source: USDA, Economic Research Service (ERS) calculations using estimates published in Hoffmann, S., White, A. E., McQueen, R. B., Ahn, J. W., Gunn-Sandell, L. B., & Scallan Walter, E. J. (2025). Economic burden of foodborne illnesses acquired in the United States. Foodborne Pathogens and Disease, 22(1), p.4-14.; Scallan, E., Hoekstra, R.M., Angulo, F.J., Tauxe, R.V., Widdowson, M.A., Roy, S.L., Jones, J.L. and Griffin, P.M., (2011a). Foodborne illness acquired in the United States-major pathogens. Emerging Infectious Diseases, 17(1), p.7.; and Scallan, E., Griffin, P.M., Angulo, F.J., Tauxe, R.V. and Hoekstra, R.M., (2011b). Foodborne illness acquired in the United States-unspecified agents. Emerging Infectious Diseases, 17(1), p.16."
"Cases, total cost, and per-case cost, by pathogen (2023 U.S. dollars)",Bacteria,ETEC,17894,5.5,307.3655974,"STEC = Shiga toxin-producing Escherichia coli. ETEC = enterotoxigenic Escherichia coli. ""spp."" is the abbreviation indicating all species of the genus listed. For example, Shigella spp. means all species of the genus, Shigella. Each pathogen is modeled individually to reflect uncertainty associated with that pathogen. Totals are modeled to reflect uncertainty simultaneously across outcomes. As a result, pathogen means will not add exactly to the total mean estimate. ""Other foodborne gastroenteritis"" is refered to as ""foodborne illnesses caused by unspecified agents"" in U.S. Centers for Disease Control and Prevention (CDC) estimates of foodborne illness incidence.","Source: USDA, Economic Research Service (ERS) calculations using estimates published in Hoffmann, S., White, A. E., McQueen, R. B., Ahn, J. W., Gunn-Sandell, L. B., & Scallan Walter, E. J. (2025). Economic burden of foodborne illnesses acquired in the United States. Foodborne Pathogens and Disease, 22(1), p.4-14.; Scallan, E., Hoekstra, R.M., Angulo, F.J., Tauxe, R.V., Widdowson, M.A., Roy, S.L., Jones, J.L. and Griffin, P.M., (2011a). Foodborne illness acquired in the United States-major pathogens. Emerging Infectious Diseases, 17(1), p.7.; and Scallan, E., Griffin, P.M., Angulo, F.J., Tauxe, R.V. and Hoekstra, R.M., (2011b). Foodborne illness acquired in the United States-unspecified agents. Emerging Infectious Diseases, 17(1), p.16."
"Cases, total cost, and per-case cost, by pathogen (2023 U.S. dollars)",Bacteria,Diarrheagenic E. coli other than STEC and ETEC,11982,3.7,308.7965281,"STEC = Shiga toxin-producing Escherichia coli. ETEC = enterotoxigenic Escherichia coli. ""spp."" is the abbreviation indicating all species of the genus listed. For example, Shigella spp. means all species of the genus, Shigella. Each pathogen is modeled individually to reflect uncertainty associated with that pathogen. Totals are modeled to reflect uncertainty simultaneously across outcomes. As a result, pathogen means will not add exactly to the total mean estimate. ""Other foodborne gastroenteritis"" is refered to as ""foodborne illnesses caused by unspecified agents"" in U.S. Centers for Disease Control and Prevention (CDC) estimates of foodborne illness incidence.","Source: USDA, Economic Research Service (ERS) calculations using estimates published in Hoffmann, S., White, A. E., McQueen, R. B., Ahn, J. W., Gunn-Sandell, L. B., & Scallan Walter, E. J. (2025). Economic burden of foodborne illnesses acquired in the United States. Foodborne Pathogens and Disease, 22(1), p.4-14.; Scallan, E., Hoekstra, R.M., Angulo, F.J., Tauxe, R.V., Widdowson, M.A., Roy, S.L., Jones, J.L. and Griffin, P.M., (2011a). Foodborne illness acquired in the United States-major pathogens. Emerging Infectious Diseases, 17(1), p.7.; and Scallan, E., Griffin, P.M., Angulo, F.J., Tauxe, R.V. and Hoekstra, R.M., (2011b). Foodborne illness acquired in the United States-unspecified agents. Emerging Infectious Diseases, 17(1), p.16."
"Cases, total cost, and per-case cost, by pathogen (2023 U.S. dollars)",Bacteria,Listeria monocytogenes (total),1583,3964.3,2504295.641,"STEC = Shiga toxin-producing Escherichia coli. ETEC = enterotoxigenic Escherichia coli. ""spp."" is the abbreviation indicating all species of the genus listed. For example, Shigella spp. means all species of the genus, Shigella. Each pathogen is modeled individually to reflect uncertainty associated with that pathogen. Totals are modeled to reflect uncertainty simultaneously across outcomes. As a result, pathogen means will not add exactly to the total mean estimate. ""Other foodborne gastroenteritis"" is refered to as ""foodborne illnesses caused by unspecified agents"" in U.S. Centers for Disease Control and Prevention (CDC) estimates of foodborne illness incidence.","Source: USDA, Economic Research Service (ERS) calculations using estimates published in Hoffmann, S., White, A. E., McQueen, R. B., Ahn, J. W., Gunn-Sandell, L. B., & Scallan Walter, E. J. (2025). Economic burden of foodborne illnesses acquired in the United States. Foodborne Pathogens and Disease, 22(1), p.4-14.; Scallan, E., Hoekstra, R.M., Angulo, F.J., Tauxe, R.V., Widdowson, M.A., Roy, S.L., Jones, J.L. and Griffin, P.M., (2011a). Foodborne illness acquired in the United States-major pathogens. Emerging Infectious Diseases, 17(1), p.7.; and Scallan, E., Griffin, P.M., Angulo, F.J., Tauxe, R.V. and Hoekstra, R.M., (2011b). Foodborne illness acquired in the United States-unspecified agents. Emerging Infectious Diseases, 17(1), p.16."
"Cases, total cost, and per-case cost, by pathogen (2023 U.S. dollars)",Bacteria,Mycobacterium bovis,60,43.7,728333.3333,"STEC = Shiga toxin-producing Escherichia coli. ETEC = enterotoxigenic Escherichia coli. ""spp."" is the abbreviation indicating all species of the genus listed. For example, Shigella spp. means all species of the genus, Shigella. Each pathogen is modeled individually to reflect uncertainty associated with that pathogen. Totals are modeled to reflect uncertainty simultaneously across outcomes. As a result, pathogen means will not add exactly to the total mean estimate. ""Other foodborne gastroenteritis"" is refered to as ""foodborne illnesses caused by unspecified agents"" in U.S. Centers for Disease Control and Prevention (CDC) estimates of foodborne illness incidence.","Source: USDA, Economic Research Service (ERS) calculations using estimates published in Hoffmann, S., White, A. E., McQueen, R. B., Ahn, J. W., Gunn-Sandell, L. B., & Scallan Walter, E. J. (2025). Economic burden of foodborne illnesses acquired in the United States. Foodborne Pathogens and Disease, 22(1), p.4-14.; Scallan, E., Hoekstra, R.M., Angulo, F.J., Tauxe, R.V., Widdowson, M.A., Roy, S.L., Jones, J.L. and Griffin, P.M., (2011a). Foodborne illness acquired in the United States-major pathogens. Emerging Infectious Diseases, 17(1), p.7.; and Scallan, E., Griffin, P.M., Angulo, F.J., Tauxe, R.V. and Hoekstra, R.M., (2011b). Foodborne illness acquired in the United States-unspecified agents. Emerging Infectious Diseases, 17(1), p.16."
"Cases, total cost, and per-case cost, by pathogen (2023 U.S. dollars)",Bacteria,"Salmonella spp., nontyphoidal",1027561,17127,16667.62363,"STEC = Shiga toxin-producing Escherichia coli. ETEC = enterotoxigenic Escherichia coli. ""spp."" is the abbreviation indicating all species of the genus listed. For example, Shigella spp. means all species of the genus, Shigella. Each pathogen is modeled individually to reflect uncertainty associated with that pathogen. Totals are modeled to reflect uncertainty simultaneously across outcomes. As a result, pathogen means will not add exactly to the total mean estimate. ""Other foodborne gastroenteritis"" is refered to as ""foodborne illnesses caused by unspecified agents"" in U.S. Centers for Disease Control and Prevention (CDC) estimates of foodborne illness incidence.","Source: USDA, Economic Research Service (ERS) calculations using estimates published in Hoffmann, S., White, A. E., McQueen, R. B., Ahn, J. W., Gunn-Sandell, L. B., & Scallan Walter, E. J. (2025). Economic burden of foodborne illnesses acquired in the United States. Foodborne Pathogens and Disease, 22(1), p.4-14.; Scallan, E., Hoekstra, R.M., Angulo, F.J., Tauxe, R.V., Widdowson, M.A., Roy, S.L., Jones, J.L. and Griffin, P.M., (2011a). Foodborne illness acquired in the United States-major pathogens. Emerging Infectious Diseases, 17(1), p.7.; and Scallan, E., Griffin, P.M., Angulo, F.J., Tauxe, R.V. and Hoekstra, R.M., (2011b). Foodborne illness acquired in the United States-unspecified agents. Emerging Infectious Diseases, 17(1), p.16."
"Cases, total cost, and per-case cost, by pathogen (2023 U.S. dollars)",Bacteria,Salmonella enterica serotype Typhi,1821,2.5,1372.872048,"STEC = Shiga toxin-producing Escherichia coli. ETEC = enterotoxigenic Escherichia coli. ""spp."" is the abbreviation indicating all species of the genus listed. For example, Shigella spp. means all species of the genus, Shigella. Each pathogen is modeled individually to reflect uncertainty associated with that pathogen. Totals are modeled to reflect uncertainty simultaneously across outcomes. As a result, pathogen means will not add exactly to the total mean estimate. ""Other foodborne gastroenteritis"" is refered to as ""foodborne illnesses caused by unspecified agents"" in U.S. Centers for Disease Control and Prevention (CDC) estimates of foodborne illness incidence.","Source: USDA, Economic Research Service (ERS) calculations using estimates published in Hoffmann, S., White, A. E., McQueen, R. B., Ahn, J. W., Gunn-Sandell, L. B., & Scallan Walter, E. J. (2025). Economic burden of foodborne illnesses acquired in the United States. Foodborne Pathogens and Disease, 22(1), p.4-14.; Scallan, E., Hoekstra, R.M., Angulo, F.J., Tauxe, R.V., Widdowson, M.A., Roy, S.L., Jones, J.L. and Griffin, P.M., (2011a). Foodborne illness acquired in the United States-major pathogens. Emerging Infectious Diseases, 17(1), p.7.; and Scallan, E., Griffin, P.M., Angulo, F.J., Tauxe, R.V. and Hoekstra, R.M., (2011b). Foodborne illness acquired in the United States-unspecified agents. Emerging Infectious Diseases, 17(1), p.16."
"Cases, total cost, and per-case cost, by pathogen (2023 U.S. dollars)",Bacteria,Shigella spp. ,131254,1683.5,12826.27577,"STEC = Shiga toxin-producing Escherichia coli. ETEC = enterotoxigenic Escherichia coli. ""spp."" is the abbreviation indicating all species of the genus listed. For example, Shigella spp. means all species of the genus, Shigella. Each pathogen is modeled individually to reflect uncertainty associated with that pathogen. Totals are modeled to reflect uncertainty simultaneously across outcomes. As a result, pathogen means will not add exactly to the total mean estimate. ""Other foodborne gastroenteritis"" is refered to as ""foodborne illnesses caused by unspecified agents"" in U.S. Centers for Disease Control and Prevention (CDC) estimates of foodborne illness incidence.","Source: USDA, Economic Research Service (ERS) calculations using estimates published in Hoffmann, S., White, A. E., McQueen, R. B., Ahn, J. W., Gunn-Sandell, L. B., & Scallan Walter, E. J. (2025). Economic burden of foodborne illnesses acquired in the United States. Foodborne Pathogens and Disease, 22(1), p.4-14.; Scallan, E., Hoekstra, R.M., Angulo, F.J., Tauxe, R.V., Widdowson, M.A., Roy, S.L., Jones, J.L. and Griffin, P.M., (2011a). Foodborne illness acquired in the United States-major pathogens. Emerging Infectious Diseases, 17(1), p.7.; and Scallan, E., Griffin, P.M., Angulo, F.J., Tauxe, R.V. and Hoekstra, R.M., (2011b). Foodborne illness acquired in the United States-unspecified agents. Emerging Infectious Diseases, 17(1), p.16."
"Cases, total cost, and per-case cost, by pathogen (2023 U.S. dollars)",Bacteria,Staphylococcus aureus,241148,177.8,737.3065503,"STEC = Shiga toxin-producing Escherichia coli. ETEC = enterotoxigenic Escherichia coli. ""spp."" is the abbreviation indicating all species of the genus listed. For example, Shigella spp. means all species of the genus, Shigella. Each pathogen is modeled individually to reflect uncertainty associated with that pathogen. Totals are modeled to reflect uncertainty simultaneously across outcomes. As a result, pathogen means will not add exactly to the total mean estimate. ""Other foodborne gastroenteritis"" is refered to as ""foodborne illnesses caused by unspecified agents"" in U.S. Centers for Disease Control and Prevention (CDC) estimates of foodborne illness incidence.","Source: USDA, Economic Research Service (ERS) calculations using estimates published in Hoffmann, S., White, A. E., McQueen, R. B., Ahn, J. W., Gunn-Sandell, L. B., & Scallan Walter, E. J. (2025). Economic burden of foodborne illnesses acquired in the United States. Foodborne Pathogens and Disease, 22(1), p.4-14.; Scallan, E., Hoekstra, R.M., Angulo, F.J., Tauxe, R.V., Widdowson, M.A., Roy, S.L., Jones, J.L. and Griffin, P.M., (2011a). Foodborne illness acquired in the United States-major pathogens. Emerging Infectious Diseases, 17(1), p.7.; and Scallan, E., Griffin, P.M., Angulo, F.J., Tauxe, R.V. and Hoekstra, R.M., (2011b). Foodborne illness acquired in the United States-unspecified agents. Emerging Infectious Diseases, 17(1), p.16."
"Cases, total cost, and per-case cost, by pathogen (2023 U.S. dollars)",Bacteria,"Streptococcus spp., Group A",11217,2.6,231.7910315,"STEC = Shiga toxin-producing Escherichia coli. ETEC = enterotoxigenic Escherichia coli. ""spp."" is the abbreviation indicating all species of the genus listed. For example, Shigella spp. means all species of the genus, Shigella. Each pathogen is modeled individually to reflect uncertainty associated with that pathogen. Totals are modeled to reflect uncertainty simultaneously across outcomes. As a result, pathogen means will not add exactly to the total mean estimate. ""Other foodborne gastroenteritis"" is refered to as ""foodborne illnesses caused by unspecified agents"" in U.S. Centers for Disease Control and Prevention (CDC) estimates of foodborne illness incidence.","Source: USDA, Economic Research Service (ERS) calculations using estimates published in Hoffmann, S., White, A. E., McQueen, R. B., Ahn, J. W., Gunn-Sandell, L. B., & Scallan Walter, E. J. (2025). Economic burden of foodborne illnesses acquired in the United States. Foodborne Pathogens and Disease, 22(1), p.4-14.; Scallan, E., Hoekstra, R.M., Angulo, F.J., Tauxe, R.V., Widdowson, M.A., Roy, S.L., Jones, J.L. and Griffin, P.M., (2011a). Foodborne illness acquired in the United States-major pathogens. Emerging Infectious Diseases, 17(1), p.7.; and Scallan, E., Griffin, P.M., Angulo, F.J., Tauxe, R.V. and Hoekstra, R.M., (2011b). Foodborne illness acquired in the United States-unspecified agents. Emerging Infectious Diseases, 17(1), p.16."
"Cases, total cost, and per-case cost, by pathogen (2023 U.S. dollars)",Bacteria,"Vibrio cholerae, toxigenic",84,0.1,1190.47619,"STEC = Shiga toxin-producing Escherichia coli. ETEC = enterotoxigenic Escherichia coli. ""spp."" is the abbreviation indicating all species of the genus listed. For example, Shigella spp. means all species of the genus, Shigella. Each pathogen is modeled individually to reflect uncertainty associated with that pathogen. Totals are modeled to reflect uncertainty simultaneously across outcomes. As a result, pathogen means will not add exactly to the total mean estimate. ""Other foodborne gastroenteritis"" is refered to as ""foodborne illnesses caused by unspecified agents"" in U.S. Centers for Disease Control and Prevention (CDC) estimates of foodborne illness incidence.","Source: USDA, Economic Research Service (ERS) calculations using estimates published in Hoffmann, S., White, A. E., McQueen, R. B., Ahn, J. W., Gunn-Sandell, L. B., & Scallan Walter, E. J. (2025). Economic burden of foodborne illnesses acquired in the United States. Foodborne Pathogens and Disease, 22(1), p.4-14.; Scallan, E., Hoekstra, R.M., Angulo, F.J., Tauxe, R.V., Widdowson, M.A., Roy, S.L., Jones, J.L. and Griffin, P.M., (2011a). Foodborne illness acquired in the United States-major pathogens. Emerging Infectious Diseases, 17(1), p.7.; and Scallan, E., Griffin, P.M., Angulo, F.J., Tauxe, R.V. and Hoekstra, R.M., (2011b). Foodborne illness acquired in the United States-unspecified agents. Emerging Infectious Diseases, 17(1), p.16."
"Cases, total cost, and per-case cost, by pathogen (2023 U.S. dollars)",Bacteria,Vibrio vulnificus ,96,438.4,4566666.667,"STEC = Shiga toxin-producing Escherichia coli. ETEC = enterotoxigenic Escherichia coli. ""spp."" is the abbreviation indicating all species of the genus listed. For example, Shigella spp. means all species of the genus, Shigella. Each pathogen is modeled individually to reflect uncertainty associated with that pathogen. Totals are modeled to reflect uncertainty simultaneously across outcomes. As a result, pathogen means will not add exactly to the total mean estimate. ""Other foodborne gastroenteritis"" is refered to as ""foodborne illnesses caused by unspecified agents"" in U.S. Centers for Disease Control and Prevention (CDC) estimates of foodborne illness incidence.","Source: USDA, Economic Research Service (ERS) calculations using estimates published in Hoffmann, S., White, A. E., McQueen, R. B., Ahn, J. W., Gunn-Sandell, L. B., & Scallan Walter, E. J. (2025). Economic burden of foodborne illnesses acquired in the United States. Foodborne Pathogens and Disease, 22(1), p.4-14.; Scallan, E., Hoekstra, R.M., Angulo, F.J., Tauxe, R.V., Widdowson, M.A., Roy, S.L., Jones, J.L. and Griffin, P.M., (2011a). Foodborne illness acquired in the United States-major pathogens. Emerging Infectious Diseases, 17(1), p.7.; and Scallan, E., Griffin, P.M., Angulo, F.J., Tauxe, R.V. and Hoekstra, R.M., (2011b). Foodborne illness acquired in the United States-unspecified agents. Emerging Infectious Diseases, 17(1), p.16."
"Cases, total cost, and per-case cost, by pathogen (2023 U.S. dollars)",Bacteria,Vibrio parahaemolyticus,34664,76.8,2215.555043,"STEC = Shiga toxin-producing Escherichia coli. ETEC = enterotoxigenic Escherichia coli. ""spp."" is the abbreviation indicating all species of the genus listed. For example, Shigella spp. means all species of the genus, Shigella. Each pathogen is modeled individually to reflect uncertainty associated with that pathogen. Totals are modeled to reflect uncertainty simultaneously across outcomes. As a result, pathogen means will not add exactly to the total mean estimate. ""Other foodborne gastroenteritis"" is refered to as ""foodborne illnesses caused by unspecified agents"" in U.S. Centers for Disease Control and Prevention (CDC) estimates of foodborne illness incidence.","Source: USDA, Economic Research Service (ERS) calculations using estimates published in Hoffmann, S., White, A. E., McQueen, R. B., Ahn, J. W., Gunn-Sandell, L. B., & Scallan Walter, E. J. (2025). Economic burden of foodborne illnesses acquired in the United States. Foodborne Pathogens and Disease, 22(1), p.4-14.; Scallan, E., Hoekstra, R.M., Angulo, F.J., Tauxe, R.V., Widdowson, M.A., Roy, S.L., Jones, J.L. and Griffin, P.M., (2011a). Foodborne illness acquired in the United States-major pathogens. Emerging Infectious Diseases, 17(1), p.7.; and Scallan, E., Griffin, P.M., Angulo, F.J., Tauxe, R.V. and Hoekstra, R.M., (2011b). Foodborne illness acquired in the United States-unspecified agents. Emerging Infectious Diseases, 17(1), p.16."
"Cases, total cost, and per-case cost, by pathogen (2023 U.S. dollars)",Bacteria,"Vibrio spp., other",17564,102.5,5835.800501,"STEC = Shiga toxin-producing Escherichia coli. ETEC = enterotoxigenic Escherichia coli. ""spp."" is the abbreviation indicating all species of the genus listed. For example, Shigella spp. means all species of the genus, Shigella. Each pathogen is modeled individually to reflect uncertainty associated with that pathogen. Totals are modeled to reflect uncertainty simultaneously across outcomes. As a result, pathogen means will not add exactly to the total mean estimate. ""Other foodborne gastroenteritis"" is refered to as ""foodborne illnesses caused by unspecified agents"" in U.S. Centers for Disease Control and Prevention (CDC) estimates of foodborne illness incidence.","Source: USDA, Economic Research Service (ERS) calculations using estimates published in Hoffmann, S., White, A. E., McQueen, R. B., Ahn, J. W., Gunn-Sandell, L. B., & Scallan Walter, E. J. (2025). Economic burden of foodborne illnesses acquired in the United States. Foodborne Pathogens and Disease, 22(1), p.4-14.; Scallan, E., Hoekstra, R.M., Angulo, F.J., Tauxe, R.V., Widdowson, M.A., Roy, S.L., Jones, J.L. and Griffin, P.M., (2011a). Foodborne illness acquired in the United States-major pathogens. Emerging Infectious Diseases, 17(1), p.7.; and Scallan, E., Griffin, P.M., Angulo, F.J., Tauxe, R.V. and Hoekstra, R.M., (2011b). Foodborne illness acquired in the United States-unspecified agents. Emerging Infectious Diseases, 17(1), p.16."
"Cases, total cost, and per-case cost, by pathogen (2023 U.S. dollars)",Bacteria,Yersinia enterocolitica,97656,396.7,4062.218399,"STEC = Shiga toxin-producing Escherichia coli. ETEC = enterotoxigenic Escherichia coli. ""spp."" is the abbreviation indicating all species of the genus listed. For example, Shigella spp. means all species of the genus, Shigella. Each pathogen is modeled individually to reflect uncertainty associated with that pathogen. Totals are modeled to reflect uncertainty simultaneously across outcomes. As a result, pathogen means will not add exactly to the total mean estimate. ""Other foodborne gastroenteritis"" is refered to as ""foodborne illnesses caused by unspecified agents"" in U.S. Centers for Disease Control and Prevention (CDC) estimates of foodborne illness incidence.","Source: USDA, Economic Research Service (ERS) calculations using estimates published in Hoffmann, S., White, A. E., McQueen, R. B., Ahn, J. W., Gunn-Sandell, L. B., & Scallan Walter, E. J. (2025). Economic burden of foodborne illnesses acquired in the United States. Foodborne Pathogens and Disease, 22(1), p.4-14.; Scallan, E., Hoekstra, R.M., Angulo, F.J., Tauxe, R.V., Widdowson, M.A., Roy, S.L., Jones, J.L. and Griffin, P.M., (2011a). Foodborne illness acquired in the United States-major pathogens. Emerging Infectious Diseases, 17(1), p.7.; and Scallan, E., Griffin, P.M., Angulo, F.J., Tauxe, R.V. and Hoekstra, R.M., (2011b). Foodborne illness acquired in the United States-unspecified agents. Emerging Infectious Diseases, 17(1), p.16."
"Cases, total cost, and per-case cost, by pathogen (2023 U.S. dollars)",Parasites,Cryptosporidium spp. ,57616,68.5,1188.905859,"STEC = Shiga toxin-producing Escherichia coli. ETEC = enterotoxigenic Escherichia coli. ""spp."" is the abbreviation indicating all species of the genus listed. For example, Shigella spp. means all species of the genus, Shigella. Each pathogen is modeled individually to reflect uncertainty associated with that pathogen. Totals are modeled to reflect uncertainty simultaneously across outcomes. As a result, pathogen means will not add exactly to the total mean estimate. ""Other foodborne gastroenteritis"" is refered to as ""foodborne illnesses caused by unspecified agents"" in U.S. Centers for Disease Control and Prevention (CDC) estimates of foodborne illness incidence.","Source: USDA, Economic Research Service (ERS) calculations using estimates published in Hoffmann, S., White, A. E., McQueen, R. B., Ahn, J. W., Gunn-Sandell, L. B., & Scallan Walter, E. J. (2025). Economic burden of foodborne illnesses acquired in the United States. Foodborne Pathogens and Disease, 22(1), p.4-14.; Scallan, E., Hoekstra, R.M., Angulo, F.J., Tauxe, R.V., Widdowson, M.A., Roy, S.L., Jones, J.L. and Griffin, P.M., (2011a). Foodborne illness acquired in the United States-major pathogens. Emerging Infectious Diseases, 17(1), p.7.; and Scallan, E., Griffin, P.M., Angulo, F.J., Tauxe, R.V. and Hoekstra, R.M., (2011b). Foodborne illness acquired in the United States-unspecified agents. Emerging Infectious Diseases, 17(1), p.16."
"Cases, total cost, and per-case cost, by pathogen (2023 U.S. dollars)",Parasites,Cyclospora cayetanensis,11407,5.3,464.6269834,"STEC = Shiga toxin-producing Escherichia coli. ETEC = enterotoxigenic Escherichia coli. ""spp."" is the abbreviation indicating all species of the genus listed. For example, Shigella spp. means all species of the genus, Shigella. Each pathogen is modeled individually to reflect uncertainty associated with that pathogen. Totals are modeled to reflect uncertainty simultaneously across outcomes. As a result, pathogen means will not add exactly to the total mean estimate. ""Other foodborne gastroenteritis"" is refered to as ""foodborne illnesses caused by unspecified agents"" in U.S. Centers for Disease Control and Prevention (CDC) estimates of foodborne illness incidence.","Source: USDA, Economic Research Service (ERS) calculations using estimates published in Hoffmann, S., White, A. E., McQueen, R. B., Ahn, J. W., Gunn-Sandell, L. B., & Scallan Walter, E. J. (2025). Economic burden of foodborne illnesses acquired in the United States. Foodborne Pathogens and Disease, 22(1), p.4-14.; Scallan, E., Hoekstra, R.M., Angulo, F.J., Tauxe, R.V., Widdowson, M.A., Roy, S.L., Jones, J.L. and Griffin, P.M., (2011a). Foodborne illness acquired in the United States-major pathogens. Emerging Infectious Diseases, 17(1), p.7.; and Scallan, E., Griffin, P.M., Angulo, F.J., Tauxe, R.V. and Hoekstra, R.M., (2011b). Foodborne illness acquired in the United States-unspecified agents. Emerging Infectious Diseases, 17(1), p.16."
"Cases, total cost, and per-case cost, by pathogen (2023 U.S. dollars)",Parasites,Giardia intestinalis,76840,58.6,762.6236335,"STEC = Shiga toxin-producing Escherichia coli. ETEC = enterotoxigenic Escherichia coli. ""spp."" is the abbreviation indicating all species of the genus listed. For example, Shigella spp. means all species of the genus, Shigella. Each pathogen is modeled individually to reflect uncertainty associated with that pathogen. Totals are modeled to reflect uncertainty simultaneously across outcomes. As a result, pathogen means will not add exactly to the total mean estimate. ""Other foodborne gastroenteritis"" is refered to as ""foodborne illnesses caused by unspecified agents"" in U.S. Centers for Disease Control and Prevention (CDC) estimates of foodborne illness incidence.","Source: USDA, Economic Research Service (ERS) calculations using estimates published in Hoffmann, S., White, A. E., McQueen, R. B., Ahn, J. W., Gunn-Sandell, L. B., & Scallan Walter, E. J. (2025). Economic burden of foodborne illnesses acquired in the United States. Foodborne Pathogens and Disease, 22(1), p.4-14.; Scallan, E., Hoekstra, R.M., Angulo, F.J., Tauxe, R.V., Widdowson, M.A., Roy, S.L., Jones, J.L. and Griffin, P.M., (2011a). Foodborne illness acquired in the United States-major pathogens. Emerging Infectious Diseases, 17(1), p.7.; and Scallan, E., Griffin, P.M., Angulo, F.J., Tauxe, R.V. and Hoekstra, R.M., (2011b). Foodborne illness acquired in the United States-unspecified agents. Emerging Infectious Diseases, 17(1), p.16."
"Cases, total cost, and per-case cost, by pathogen (2023 U.S. dollars)",Parasites,Toxoplasma gondii (total),86753,5719.3,65926.25039,"STEC = Shiga toxin-producing Escherichia coli. ETEC = enterotoxigenic Escherichia coli. ""spp."" is the abbreviation indicating all species of the genus listed. For example, Shigella spp. means all species of the genus, Shigella. Each pathogen is modeled individually to reflect uncertainty associated with that pathogen. Totals are modeled to reflect uncertainty simultaneously across outcomes. As a result, pathogen means will not add exactly to the total mean estimate. ""Other foodborne gastroenteritis"" is refered to as ""foodborne illnesses caused by unspecified agents"" in U.S. Centers for Disease Control and Prevention (CDC) estimates of foodborne illness incidence.","Source: USDA, Economic Research Service (ERS) calculations using estimates published in Hoffmann, S., White, A. E., McQueen, R. B., Ahn, J. W., Gunn-Sandell, L. B., & Scallan Walter, E. J. (2025). Economic burden of foodborne illnesses acquired in the United States. Foodborne Pathogens and Disease, 22(1), p.4-14.; Scallan, E., Hoekstra, R.M., Angulo, F.J., Tauxe, R.V., Widdowson, M.A., Roy, S.L., Jones, J.L. and Griffin, P.M., (2011a). Foodborne illness acquired in the United States-major pathogens. Emerging Infectious Diseases, 17(1), p.7.; and Scallan, E., Griffin, P.M., Angulo, F.J., Tauxe, R.V. and Hoekstra, R.M., (2011b). Foodborne illness acquired in the United States-unspecified agents. Emerging Infectious Diseases, 17(1), p.16."
"Cases, total cost, and per-case cost, by pathogen (2023 U.S. dollars)",Parasites,Trichinella spp. ,156,0.3,1923.076923,"STEC = Shiga toxin-producing Escherichia coli. ETEC = enterotoxigenic Escherichia coli. ""spp."" is the abbreviation indicating all species of the genus listed. For example, Shigella spp. means all species of the genus, Shigella. Each pathogen is modeled individually to reflect uncertainty associated with that pathogen. Totals are modeled to reflect uncertainty simultaneously across outcomes. As a result, pathogen means will not add exactly to the total mean estimate. ""Other foodborne gastroenteritis"" is refered to as ""foodborne illnesses caused by unspecified agents"" in U.S. Centers for Disease Control and Prevention (CDC) estimates of foodborne illness incidence.","Source: USDA, Economic Research Service (ERS) calculations using estimates published in Hoffmann, S., White, A. E., McQueen, R. B., Ahn, J. W., Gunn-Sandell, L. B., & Scallan Walter, E. J. (2025). Economic burden of foodborne illnesses acquired in the United States. Foodborne Pathogens and Disease, 22(1), p.4-14.; Scallan, E., Hoekstra, R.M., Angulo, F.J., Tauxe, R.V., Widdowson, M.A., Roy, S.L., Jones, J.L. and Griffin, P.M., (2011a). Foodborne illness acquired in the United States-major pathogens. Emerging Infectious Diseases, 17(1), p.7.; and Scallan, E., Griffin, P.M., Angulo, F.J., Tauxe, R.V. and Hoekstra, R.M., (2011b). Foodborne illness acquired in the United States-unspecified agents. Emerging Infectious Diseases, 17(1), p.16."
"Cases, total cost, and per-case cost, by pathogen (2023 U.S. dollars)",Viruses,Astrovirus,15433,4.8,311.0218363,"STEC = Shiga toxin-producing Escherichia coli. ETEC = enterotoxigenic Escherichia coli. ""spp."" is the abbreviation indicating all species of the genus listed. For example, Shigella spp. means all species of the genus, Shigella. Each pathogen is modeled individually to reflect uncertainty associated with that pathogen. Totals are modeled to reflect uncertainty simultaneously across outcomes. As a result, pathogen means will not add exactly to the total mean estimate. ""Other foodborne gastroenteritis"" is refered to as ""foodborne illnesses caused by unspecified agents"" in U.S. Centers for Disease Control and Prevention (CDC) estimates of foodborne illness incidence.","Source: USDA, Economic Research Service (ERS) calculations using estimates published in Hoffmann, S., White, A. E., McQueen, R. B., Ahn, J. W., Gunn-Sandell, L. B., & Scallan Walter, E. J. (2025). Economic burden of foodborne illnesses acquired in the United States. Foodborne Pathogens and Disease, 22(1), p.4-14.; Scallan, E., Hoekstra, R.M., Angulo, F.J., Tauxe, R.V., Widdowson, M.A., Roy, S.L., Jones, J.L. and Griffin, P.M., (2011a). Foodborne illness acquired in the United States-major pathogens. Emerging Infectious Diseases, 17(1), p.7.; and Scallan, E., Griffin, P.M., Angulo, F.J., Tauxe, R.V. and Hoekstra, R.M., (2011b). Foodborne illness acquired in the United States-unspecified agents. Emerging Infectious Diseases, 17(1), p.16."
"Cases, total cost, and per-case cost, by pathogen (2023 U.S. dollars)",Viruses,Hepatitis A virus,1566,97.7,62388.25032,"STEC = Shiga toxin-producing Escherichia coli. ETEC = enterotoxigenic Escherichia coli. ""spp."" is the abbreviation indicating all species of the genus listed. For example, Shigella spp. means all species of the genus, Shigella. Each pathogen is modeled individually to reflect uncertainty associated with that pathogen. Totals are modeled to reflect uncertainty simultaneously across outcomes. As a result, pathogen means will not add exactly to the total mean estimate. ""Other foodborne gastroenteritis"" is refered to as ""foodborne illnesses caused by unspecified agents"" in U.S. Centers for Disease Control and Prevention (CDC) estimates of foodborne illness incidence.","Source: USDA, Economic Research Service (ERS) calculations using estimates published in Hoffmann, S., White, A. E., McQueen, R. B., Ahn, J. W., Gunn-Sandell, L. B., & Scallan Walter, E. J. (2025). Economic burden of foodborne illnesses acquired in the United States. Foodborne Pathogens and Disease, 22(1), p.4-14.; Scallan, E., Hoekstra, R.M., Angulo, F.J., Tauxe, R.V., Widdowson, M.A., Roy, S.L., Jones, J.L. and Griffin, P.M., (2011a). Foodborne illness acquired in the United States-major pathogens. Emerging Infectious Diseases, 17(1), p.7.; and Scallan, E., Griffin, P.M., Angulo, F.J., Tauxe, R.V. and Hoekstra, R.M., (2011b). Foodborne illness acquired in the United States-unspecified agents. Emerging Infectious Diseases, 17(1), p.16."
"Cases, total cost, and per-case cost, by pathogen (2023 U.S. dollars)",Viruses,Norovirus,5461731,2968.3,543.47239,"STEC = Shiga toxin-producing Escherichia coli. ETEC = enterotoxigenic Escherichia coli. ""spp."" is the abbreviation indicating all species of the genus listed. For example, Shigella spp. means all species of the genus, Shigella. Each pathogen is modeled individually to reflect uncertainty associated with that pathogen. Totals are modeled to reflect uncertainty simultaneously across outcomes. As a result, pathogen means will not add exactly to the total mean estimate. ""Other foodborne gastroenteritis"" is refered to as ""foodborne illnesses caused by unspecified agents"" in U.S. Centers for Disease Control and Prevention (CDC) estimates of foodborne illness incidence.","Source: USDA, Economic Research Service (ERS) calculations using estimates published in Hoffmann, S., White, A. E., McQueen, R. B., Ahn, J. W., Gunn-Sandell, L. B., & Scallan Walter, E. J. (2025). Economic burden of foodborne illnesses acquired in the United States. Foodborne Pathogens and Disease, 22(1), p.4-14.; Scallan, E., Hoekstra, R.M., Angulo, F.J., Tauxe, R.V., Widdowson, M.A., Roy, S.L., Jones, J.L. and Griffin, P.M., (2011a). Foodborne illness acquired in the United States-major pathogens. Emerging Infectious Diseases, 17(1), p.7.; and Scallan, E., Griffin, P.M., Angulo, F.J., Tauxe, R.V. and Hoekstra, R.M., (2011b). Foodborne illness acquired in the United States-unspecified agents. Emerging Infectious Diseases, 17(1), p.16."
"Cases, total cost, and per-case cost, by pathogen (2023 U.S. dollars)",Viruses,Rotavirus ,15433,10,647.962159,"STEC = Shiga toxin-producing Escherichia coli. ETEC = enterotoxigenic Escherichia coli. ""spp."" is the abbreviation indicating all species of the genus listed. For example, Shigella spp. means all species of the genus, Shigella. Each pathogen is modeled individually to reflect uncertainty associated with that pathogen. Totals are modeled to reflect uncertainty simultaneously across outcomes. As a result, pathogen means will not add exactly to the total mean estimate. ""Other foodborne gastroenteritis"" is refered to as ""foodborne illnesses caused by unspecified agents"" in U.S. Centers for Disease Control and Prevention (CDC) estimates of foodborne illness incidence.","Source: USDA, Economic Research Service (ERS) calculations using estimates published in Hoffmann, S., White, A. E., McQueen, R. B., Ahn, J. W., Gunn-Sandell, L. B., & Scallan Walter, E. J. (2025). Economic burden of foodborne illnesses acquired in the United States. Foodborne Pathogens and Disease, 22(1), p.4-14.; Scallan, E., Hoekstra, R.M., Angulo, F.J., Tauxe, R.V., Widdowson, M.A., Roy, S.L., Jones, J.L. and Griffin, P.M., (2011a). Foodborne illness acquired in the United States-major pathogens. Emerging Infectious Diseases, 17(1), p.7.; and Scallan, E., Griffin, P.M., Angulo, F.J., Tauxe, R.V. and Hoekstra, R.M., (2011b). Foodborne illness acquired in the United States-unspecified agents. Emerging Infectious Diseases, 17(1), p.16."
"Cases, total cost, and per-case cost, by pathogen (2023 U.S. dollars)",Viruses,Sapovirus,15433,3.5,226.7867557,"STEC = Shiga toxin-producing Escherichia coli. ETEC = enterotoxigenic Escherichia coli. ""spp."" is the abbreviation indicating all species of the genus listed. For example, Shigella spp. means all species of the genus, Shigella. Each pathogen is modeled individually to reflect uncertainty associated with that pathogen. Totals are modeled to reflect uncertainty simultaneously across outcomes. As a result, pathogen means will not add exactly to the total mean estimate. ""Other foodborne gastroenteritis"" is refered to as ""foodborne illnesses caused by unspecified agents"" in U.S. Centers for Disease Control and Prevention (CDC) estimates of foodborne illness incidence.","Source: USDA, Economic Research Service (ERS) calculations using estimates published in Hoffmann, S., White, A. E., McQueen, R. B., Ahn, J. W., Gunn-Sandell, L. B., & Scallan Walter, E. J. (2025). Economic burden of foodborne illnesses acquired in the United States. Foodborne Pathogens and Disease, 22(1), p.4-14.; Scallan, E., Hoekstra, R.M., Angulo, F.J., Tauxe, R.V., Widdowson, M.A., Roy, S.L., Jones, J.L. and Griffin, P.M., (2011a). Foodborne illness acquired in the United States-major pathogens. Emerging Infectious Diseases, 17(1), p.7.; and Scallan, E., Griffin, P.M., Angulo, F.J., Tauxe, R.V. and Hoekstra, R.M., (2011b). Foodborne illness acquired in the United States-unspecified agents. Emerging Infectious Diseases, 17(1), p.16."
"Cases, total cost, and per-case cost, by pathogen (2023 U.S. dollars)",Illnesses from major foodborne pathogens,Subtotal,9388133,44743.3,4765.942281,"STEC = Shiga toxin-producing Escherichia coli. ETEC = enterotoxigenic Escherichia coli. ""spp."" is the abbreviation indicating all species of the genus listed. For example, Shigella spp. means all species of the genus, Shigella. Each pathogen is modeled individually to reflect uncertainty associated with that pathogen. Totals are modeled to reflect uncertainty simultaneously across outcomes. As a result, pathogen means will not add exactly to the total mean estimate. ""Other foodborne gastroenteritis"" is refered to as ""foodborne illnesses caused by unspecified agents"" in U.S. Centers for Disease Control and Prevention (CDC) estimates of foodborne illness incidence.","Source: USDA, Economic Research Service (ERS) calculations using estimates published in Hoffmann, S., White, A. E., McQueen, R. B., Ahn, J. W., Gunn-Sandell, L. B., & Scallan Walter, E. J. (2025). Economic burden of foodborne illnesses acquired in the United States. Foodborne Pathogens and Disease, 22(1), p.4-14.; Scallan, E., Hoekstra, R.M., Angulo, F.J., Tauxe, R.V., Widdowson, M.A., Roy, S.L., Jones, J.L. and Griffin, P.M., (2011a). Foodborne illness acquired in the United States-major pathogens. Emerging Infectious Diseases, 17(1), p.7.; and Scallan, E., Griffin, P.M., Angulo, F.J., Tauxe, R.V. and Hoekstra, R.M., (2011b). Foodborne illness acquired in the United States-unspecified agents. Emerging Infectious Diseases, 17(1), p.16."
"Cases, total cost, and per-case cost, by pathogen (2023 U.S. dollars)",Other foodborne gastroenteritis,Other foodborne gastroenteritis,38392704,29972.8,780.6899978,"STEC = Shiga toxin-producing Escherichia coli. ETEC = enterotoxigenic Escherichia coli. ""spp."" is the abbreviation indicating all species of the genus listed. For example, Shigella spp. means all species of the genus, Shigella. Each pathogen is modeled individually to reflect uncertainty associated with that pathogen. Totals are modeled to reflect uncertainty simultaneously across outcomes. As a result, pathogen means will not add exactly to the total mean estimate. ""Other foodborne gastroenteritis"" is refered to as ""foodborne illnesses caused by unspecified agents"" in U.S. Centers for Disease Control and Prevention (CDC) estimates of foodborne illness incidence.","Source: USDA, Economic Research Service (ERS) calculations using estimates published in Hoffmann, S., White, A. E., McQueen, R. B., Ahn, J. W., Gunn-Sandell, L. B., & Scallan Walter, E. J. (2025). Economic burden of foodborne illnesses acquired in the United States. Foodborne Pathogens and Disease, 22(1), p.4-14.; Scallan, E., Hoekstra, R.M., Angulo, F.J., Tauxe, R.V., Widdowson, M.A., Roy, S.L., Jones, J.L. and Griffin, P.M., (2011a). Foodborne illness acquired in the United States-major pathogens. Emerging Infectious Diseases, 17(1), p.7.; and Scallan, E., Griffin, P.M., Angulo, F.J., Tauxe, R.V. and Hoekstra, R.M., (2011b). Foodborne illness acquired in the United States-unspecified agents. Emerging Infectious Diseases, 17(1), p.16."
"Cases, total cost, and per-case cost, by pathogen (2023 U.S. dollars)",All pathogens,Total,47780837,74716.1,1563.725223,"STEC = Shiga toxin-producing Escherichia coli. ETEC = enterotoxigenic Escherichia coli. ""spp."" is the abbreviation indicating all species of the genus listed. For example, Shigella spp. means all species of the genus, Shigella. Each pathogen is modeled individually to reflect uncertainty associated with that pathogen. Totals are modeled to reflect uncertainty simultaneously across outcomes. As a result, pathogen means will not add exactly to the total mean estimate. ""Other foodborne gastroenteritis"" is refered to as ""foodborne illnesses caused by unspecified agents"" in U.S. Centers for Disease Control and Prevention (CDC) estimates of foodborne illness incidence.","Source: USDA, Economic Research Service (ERS) calculations using estimates published in Hoffmann, S., White, A. E., McQueen, R. B., Ahn, J. W., Gunn-Sandell, L. B., & Scallan Walter, E. J. (2025). Economic burden of foodborne illnesses acquired in the United States. Foodborne Pathogens and Disease, 22(1), p.4-14.; Scallan, E., Hoekstra, R.M., Angulo, F.J., Tauxe, R.V., Widdowson, M.A., Roy, S.L., Jones, J.L. and Griffin, P.M., (2011a). Foodborne illness acquired in the United States-major pathogens. Emerging Infectious Diseases, 17(1), p.7.; and Scallan, E., Griffin, P.M., Angulo, F.J., Tauxe, R.V. and Hoekstra, R.M., (2011b). Foodborne illness acquired in the United States-unspecified agents. Emerging Infectious Diseases, 17(1), p.16."
